paperId,fieldOfStudy
649def34f8be52c8b66281af98ae884c09aef38b,Computer Science
966662b18fc5c4a6e29a06f56975dbdd44ab63eb,Computer Science
b72a18092dc4064e772cb13309042dfb7ef18453,Computer Science
df3b2eee3edd9c24b3790c0cc8b168c36ed87b18,Computer Science
fd56c3fa34b7ee440a2155dbdc737283fda7138d,Computer Science
db0401da5b1048413af0788f79631f3b1c4c5e9f,Computer Science
cdfcc1890f873b407bb0bf82269e57bcb1aad5ae,Computer Science
13b6a265d4023d50967745f56a22e8c5806c2c53,Computer Science
479e54f2316019c039678086601a9eb6ff91dd28,Computer Science
3b2635037e4e6805db2bdc4f288e72f3f7468aa2,Medicine
859bd2bd0137a78a1af3446120d18d2dd4b59690,Computer Science
b9b7d5a95cd3d9570c801c2b7d17705c73020278,Computer Science
e3360038a7b53c83547ea7e61780999a49f965cd,Computer Science
db5adab6b866e14ef1216716f9cb3783f65f5042,Computer Science
a2b42aac08d33e0e9e85efb8f1d0d02cc0dcf07b,Computer Science
aa722631eee5c97ab82c51158ca0bebbda85c7c6,Medicine
b09d87068d109acdc09764b8dbde5a61ef6508e3,Computer Science
0e6f86b63bf06fae17f8fab2c3cedcce2d4eadeb,Computer Science
e767adbdde175562067003f2e517f064be5d4df4,Computer Science
e767adbdde175562067003f2e517f064be5d4df4,Medicine
7cea5d3b925ac0a4430d5beb98abdcf0098698e3,Computer Science
096d79a02f783809972405c04a0b3d30b45b6287,Computer Science
6ea3fffea0eb682720f38c5eb8b996393e030df2,Computer Science
c83a30e258a39b47d12ddf0bd17058746420d4f3,Medicine
54e597398a3073102fae1c4c4f8668538d6730c0,Medicine
9b49dc34c4c5230819309e52601c6526a68f28b1,Computer Science
7aa7b85e4baed73bdc2a30e637b66d8dd1349a62,Computer Science
7aab05d4365672b8d4634342ad80fe485c297fad,Computer Science
edd866a30b34343364c50430031fc8b516be4dd2,Medicine
f7ca7259cb50defa577bfa033abb2aa84c4c28d1,Computer Science
b11a6b91f51e4c2f0d1d4edf36f4021c3ecd1a49,Medicine
2c77f4bfc7b2d5fba5b4d07f337805b41e84e684,Computer Science
4a4f4277936b35ef033ab64c57f7cc848ca90aae,Computer Science
c059ad6a98ef5292b93829e33ab6db382edca073,Computer Science
9f3ae8055e227edb413c54417c9c216f1f554f52,Computer Science
2cbc3988bab4c17f9eb9040e1dca9c5db2e26dad,Computer Science
db4e8d662dbe80f3ddf78e69b1c1053500894d25,Medicine
50a3f0dd12114fb2ca90a5511a6325524c3f6013,Medicine
5eafc35cedbb28b033009947ca73b40007b2b407,Computer Science
4772df95a893061e0fedc9a09c56f95d8926fb9d,Computer Science
4b54be5847567d6980584078b88490535da1a804,Computer Science
ca48013d99a608e800ae34388fe9fba9ea6ca280,Medicine
3dd5ad34012164c4ec9c571a12cc6a7561683dea,Computer Science
02487e9dfefdcb667be4dc160780321555662a2e,Computer Science
0f2afff2ab839fcb8a52c24ee35825db03923810,Computer Science
937aa9229358b0c19ad3b9d224eb0599e0552986,Computer Science
3a66e3a6fe1f9e1d95140f0c8fefc4ff964ba89d,Computer Science
46c96074a4e33e90bc01b3c869cac9ea3a0b8fe7,Computer Science
46c96074a4e33e90bc01b3c869cac9ea3a0b8fe7,Engineering
46c96074a4e33e90bc01b3c869cac9ea3a0b8fe7,Medicine
d33856de0e4f1499d6a48fdbd91e92700127b2fe,Computer Science
e11c67919830bb0a29a86b05936d467227accc81,Computer Science
c5a528afd98274902b4987b887f19ecd282ca8bd,Medicine
ce2beb2ad9efa56abdc59f4c613bda52cc11803c,Medicine
ce2beb2ad9efa56abdc59f4c613bda52cc11803c,Computer Science
6d66d55bd147f3f44830e86b4514da27aa00570f,Computer Science
3f68ce247d93fae97f62f68fce175f0c3fdb425b,Computer Science
1571d11e5c22d0bdefce3f6ffa333f040a2e409d,Computer Science
1571d11e5c22d0bdefce3f6ffa333f040a2e409d,Medicine
b4076046f55b8005d82489728df5ea24ffcd0281,Computer Science
b798cf6af813638fab09a8af6ad0f3df6c241485,Computer Science
f958280f92eb3b23608f5525b94b1a7c25dfff0b,Computer Science
adb68c59226e1c3ce5ea9c259c760a738a4870df,Computer Science
89abfcec27ae484c368c25b0a1441aaa3bf6e408,Computer Science
dfbbea9a828d5e5ffeb22089a5386379d91a524f,Computer Science
cd74e0bdd54599e79b41106d1c66adeebc1bff68,Computer Science
93886752191db25efd096a65af7b09df5c0a64e0,Computer Science
1347323c30180b5d5528abace9d36ba0d2dbf3c1,Medicine
1347323c30180b5d5528abace9d36ba0d2dbf3c1,Computer Science
1347323c30180b5d5528abace9d36ba0d2dbf3c1,Biology
bf71acf9684658be6bea32447d838640af679654,Computer Science
4739e96fb40091b0d15bd22750b143e1fcef05c7,Computer Science
ed4e20bcd73b1138d3bb2ed4dbbf5e8b224ef5c7,Computer Science
bca0bbd01ea917b7a9fe369288ea3ba03d3b1ff3,Computer Science
476991e5b9590febcd9f93ceea178be635958a9c,Computer Science
7031506190d629c5ab73726498422401fe437d9c,Computer Science
f904784b97e48e7a93b74428e5333fb3c7b403c4,Computer Science
af3dfaf07b7d10de7928df851afccd99a041c9e3,Computer Science
39abce3268f309d5655247de0c442a28219df390,Computer Science
8b53456cfb9c0f26614a830ff09073afdd0bbe6d,Computer Science
43e87bbe3c42c79678ac12f73833f0eb3e008a44,Computer Science
1b5ddb30be6dcef45dd1eae1346ccd40610c3834,Medicine
1b5ddb30be6dcef45dd1eae1346ccd40610c3834,Computer Science
756a5a2387ae9c09704efc4757765d656576df07,Computer Science
4b491211f7f29c3e9cdea4e4cd7ea4cc6f055595,Mathematics
a9d6f53f54409d3f33d84b1ade53624e532ba3e9,Computer Science
906c2b9544c7cba662f8ec5e0a8261103ae7f7c8,Computer Science
4b5445f4090dfd8e4da37d5750ea2709251abb15,Computer Science
4b5445f4090dfd8e4da37d5750ea2709251abb15,Engineering
2cfda2581748c2a47b3460c7255685b8c07740bf,Computer Science
8030b9b333d56b7b1ab5453264ee81cf50bf0a80,Physics
8030b9b333d56b7b1ab5453264ee81cf50bf0a80,Computer Science
8030b9b333d56b7b1ab5453264ee81cf50bf0a80,Medicine
1e3ef48abeef882e12f9553a1baf8944f3782c88,Computer Science
51d74cdf76eef5a15a55b3cd46d73b17f8a23574,Computer Science
5f60655778fd0e3cb849c719797585e0e97912a2,Computer Science
f1f774dd883260504f02763aa40776ccce23af80,Computer Science
e35598d25849c983c30310d49c9647385d4c8867,Computer Science
0c4a1d3bb96df512037c6f0ae7630aa696e09180,Biology
0c4a1d3bb96df512037c6f0ae7630aa696e09180,Medicine
e7356e83c0bd60cb4d6d0283d3cf5040ed55bdf9,Medicine
a6a88bde13b6247f4fa91c4ede9cbf91409ee646,Computer Science
382301f0a9a85c298c6ec51ba4434ba040db960c,Computer Science
382301f0a9a85c298c6ec51ba4434ba040db960c,Medicine
120c3c98818ce29dbb9847f221050b2a2a82d4ed,Computer Science
b17969990b3745a494f8fcadae6c8cd0426dc3ec,Computer Science
8eaebaf8fc01049ee2812607642f1ac0dabc6c6e,Computer Science
911fe48fc5b6ca5589b48521660db436065cf9c0,Computer Science
033cd044b41868c4d1713d917b6ff73f919783c5,Medicine
033cd044b41868c4d1713d917b6ff73f919783c5,Computer Science
32382cfa1e662de9ccee317ba11e1117b5c99bf7,Computer Science
4d7500a1a5aeb83663527b17c002d7da173ef907,Computer Science
cbdf6e77aa6cfd650a49e8f0ae95726c1e97540a,Computer Science
592c583f4f3b34361c79c943330b4593a9538706,Computer Science
1ad9a295ea841599383e5ae3e88381438d4a7db3,Medicine
1ad9a295ea841599383e5ae3e88381438d4a7db3,Computer Science
812b6f4dd78edb52959a660c1ac3cdcf5f8e13c6,Medicine
4245c6eb4f59ad5faf9ed9dbc2f0bea8dc393a6a,Computer Science
4245c6eb4f59ad5faf9ed9dbc2f0bea8dc393a6a,Physics
6c48f1a429e8371ebdac412602629cb6472db1a8,Computer Science
6c48f1a429e8371ebdac412602629cb6472db1a8,Medicine
817acf0bec0933728f7b1b2bcd8689910cd61b85,Computer Science
e7dcdfb7734d59b97f825cce8b3105a2d9b14d10,Computer Science
1a37f43db8108af003bc9af181460ddaacf9e815,Computer Science
1712eaa82a2e3d081538a17e06416330fac0a0d8,Computer Science
1712eaa82a2e3d081538a17e06416330fac0a0d8,Engineering
1712eaa82a2e3d081538a17e06416330fac0a0d8,Mathematics
b74aec118f2b62ae05b04f1b66ab79c2e5b873c0,Computer Science
cc7fbba314bcf99cdcff74e6a12bf5a777350a54,Computer Science
cfcfe9fd697e98ad2508b4bf95dad16390f66938,Medicine
958bb3831589246fe5b6b58cf99e3b65c58d027f,Computer Science
958bb3831589246fe5b6b58cf99e3b65c58d027f,Biology
958bb3831589246fe5b6b58cf99e3b65c58d027f,Mathematics
054dd061a42086ab2758141655bebd7559b144fa,Computer Science
768403710ec37fe612257384b19bf8f1c7bcce72,Computer Science
b6fba18ca329347c330262edb71f56bde08c29e1,Medicine
b6fba18ca329347c330262edb71f56bde08c29e1,Computer Science
94e99c02b61f2d8b727f08e08924146705a614df,Computer Science
14644be339b0805aa8098a97f61fe2398cc770a9,Computer Science
3605d3aacfa071d9c97b06d834f021baa61625f4,Computer Science
7e0fda71cc2e561385c0a2e29f5a81654a11157f,Computer Science
fdf8a75d2420a8f6bd05091a7f6bc52f6641cc80,Computer Science
4a236906f5bed6385c7b3bf3f10a0099e41d4566,Computer Science
4a236906f5bed6385c7b3bf3f10a0099e41d4566,Engineering
f5b484e7e490c9e727575086877cecdb121f55dc,Computer Science
42b2fd8a0ab69281022de528c591c665f5f2ad3b,Computer Science
e92b2ada3a8112426946f3acd8991dbc74d4b311,Computer Science
428194865ce5732c3c53f548b3d56485e8c7f4eb,Computer Science
428194865ce5732c3c53f548b3d56485e8c7f4eb,Physics
00f4e66a3eb2fa02063d83da1e5afe19242a282e,Computer Science
1b2139b38e6a9ded0c161a6bbed39a5cf09c03f0,Computer Science
dfbe1fcd18742d71d2807506120aab24485491c8,Computer Science
dfbe1fcd18742d71d2807506120aab24485491c8,Medicine
c05a9797e5ead09d0885efa9f1b464d319f80709,Computer Science
c05a9797e5ead09d0885efa9f1b464d319f80709,Biology
33b7a611db06806a9e1d22ce5bb8bbeb2604b5f3,Medicine
2a49efd0657c7ace5a4e22ce9c484c94aab8a4b7,Computer Science
2a49efd0657c7ace5a4e22ce9c484c94aab8a4b7,Mathematics
a60f8498e85f01ec72120c153aa92387f8841a31,Medicine
a60f8498e85f01ec72120c153aa92387f8841a31,Computer Science
f339ab25cc1e784baa76896623dde732171b5634,Computer Science
8908ca00814b4d7201eec0ca4002f820c8b21ca8,Computer Science
8908ca00814b4d7201eec0ca4002f820c8b21ca8,Physics
4f451ba06c4c9effd6c4ac0bae222495501a6200,Computer Science
782876a0eb86ea73808bb9e1423a34fa4dca28ef,Computer Science
6c7abf617c0591be96a09776092271c72f49ff2f,Computer Science
4a497123488f5790548406bd10384ae7b89c4315,Computer Science
6ffc29d76c8c31988b5563ac08942bcf28de7bf3,Computer Science
a4d581724fb604d13719b73f87a0457f007a43a4,Computer Science
786077a54eee75d0fd74b8565f91b9386a6344cd,Computer Science
786077a54eee75d0fd74b8565f91b9386a6344cd,Medicine
3347bb7b0b95f1ebec61997983ce94d6896e8ea2,Computer Science
4c98e8bc72727872642c7e88b11d705415f1de3b,Computer Science
686d9ee744fa013cc21cdd86acd864c936e9e456,Computer Science
844e2bc8c85ae33c69e8307ea0c0fba4f15be07b,Computer Science
844e2bc8c85ae33c69e8307ea0c0fba4f15be07b,Mathematics
f3aea1550dd58193eb14c1e1d485b90f4c8d130c,Computer Science
903b3afd316837ffdf46f0cea7ee242d897d7956,Computer Science
88b8569f4c5ea548e8eac6cb68896251e85ca879,Computer Science
500313032a05d9971293fd9d7be814c68fe3e643,Medicine
555a689b3771102c94fe0a9f40130bce443ca5d8,Computer Science
eabccc3e2c6c17daea60e089ff6b42819a3d186c,Computer Science
8a8de960ed1a240441d09ee8d4f0a03719279636,Computer Science
7ecb5b8c5456a4a6b1129527b1d96d2997d3ee5b,Computer Science
4050bb6746789eb8900cac992bd994550d5e0ec2,Computer Science
6d8b9829512f66a1fb92326dc4f6e2b314363625,Computer Science
5d1b955e38073fc13c82ba46801e300dc1a70a9b,Biology
0db5207510819b9956849eb84bfe8703f8f3688d,Computer Science
b5aa72becfb20fae00a15a8169e0a4d873cf6013,Computer Science
bf0ba3559ecfa02175a15217d3b61afe10f09de7,Computer Science
f11512e1213e756a4ed319e11fb4518b9fa17ccb,Medicine
f11512e1213e756a4ed319e11fb4518b9fa17ccb,Computer Science
f2df1a1c2c157bf53233a6648deb5135746fec43,Computer Science
8dc1e4bac2d0403ba4bec7bcb8abb7534c53ab1f,Computer Science
33059ea93b05ca18d1e9b0612901d22305c80910,Biology
f6150ecb06e4abab36c4bb030dc914b576ee4170,Computer Science
a80ea6789cda5a715ba9f29d82e0241f8aea970d,Medicine
90d1c18f33ca7e8c44cff2c115f0ddf7faa94907,Computer Science
886a5ca5b6aeae63cef6e4eed468d9338c35fbcb,Computer Science
1980f7230a4c1871cedc856ce836b8d1f62d10e8,Computer Science
3835abf96c37770d7ca3bc3a29fe1db728715716,Computer Science
8306606fd04eddcdd527b03c728901ab632a084b,Computer Science
59c4df0f1dd75db4a5e25f4fb860040244949089,Computer Science
59c4df0f1dd75db4a5e25f4fb860040244949089,Medicine
17d7fd18123e12efbb9c255c8b986a5e84578b07,Computer Science
b820e740cce5af181a47aa3f3e111447e21c3e24,Computer Science
1346d703959399ba404f251290d0352f0631d242,Computer Science
67dcf28decf748534e1c0d22315d2d3aae54d7d4,Computer Science
0905b384bc98e40c5a9ca20027f5fab3fbc455b4,Computer Science
e14b9ecf6edd6f36a8cf5e4916d9c5ca5b88d806,Computer Science
2f886811cf7cde2f0d9a19d821f46146f24e6e4a,Computer Science
2f886811cf7cde2f0d9a19d821f46146f24e6e4a,Medicine
ff1071f27b6990e71954470de2a9602f8eef8c0a,Computer Science
4bfa4a1a29376f287992c2f02582110750a904bb,Computer Science
4bfa4a1a29376f287992c2f02582110750a904bb,Medicine
582616fe83a85f095a16778c28297723e25b0ea7,Computer Science
96b8611c3e8d887362df292522debe2c3cfa1def,Computer Science
3ea8767b852253e2636b6e57925be7fcc1d739df,Computer Science
fdea5396e8a945692a3449d9aae4dc7136cbd2a7,Computer Science
b146be9e80c66a6e062a1525693311fac65ae19e,Computer Science
b146be9e80c66a6e062a1525693311fac65ae19e,Physics
fbd10a298b4bee915f99224342bf0088cceb015d,Medicine
5cc3379090fefad86d2d3e874364ba7babbcbca4,Computer Science
de9d0eb23b53034604bae487c127f4785ef779f5,Medicine
de9d0eb23b53034604bae487c127f4785ef779f5,Biology
de9d0eb23b53034604bae487c127f4785ef779f5,Computer Science
86bca4f379e5e626430193f6bc5731be027d043d,Computer Science
6fbcb1b9dddff9641cb764f9f6c3ebfa516ce976,Computer Science
d30e218ba0980d76cfd83e04739591e17f3933fe,Computer Science
d30e218ba0980d76cfd83e04739591e17f3933fe,Mathematics
beabb3d31625fbbdba7e720d4d5baa6aac5d7b16,Computer Science
bf37e581f9d2447bf732b8502c8aff5141a88f06,Computer Science
0bee172e0d361aaed77f9677f59df944675f99b7,Computer Science
3ad0a7051db98a083aa3b9e962769ecf2cde4d44,Computer Science
61e06615f6cee5ed1ba7d22b801925b69a45653b,Computer Science
23c8ff06cc2dbd01388f60779583a0ebdae2fb14,Computer Science
d4e4a545160d8a6eba5338463168f51e8cbe411e,Computer Science
d2a3b3646a3d4cf1eccabbb8b980533e0836a3f5,Computer Science
87e367d76e5c63c834bf77b4f6ea8bce6cdb5553,Computer Science
f95620883ce631dcca296d6301ab094555a9b1c4,Computer Science
69285c9040c1356272752499b7e1e53ef25ac008,Computer Science
f70d4f4dd51b43444d0d612e54711bef0fb4fa14,Computer Science
8c19883bc33282985af977fd3f3cc4b6ac5b15d3,Computer Science
90614889fe7dcd3c56849e94a7dbf455d11c1834,Computer Science
91ad9c6345723717b9cf77727482195834620060,Computer Science
97dc4d4620c2b2d12d6b07a4127f3fddcf126b94,Computer Science
f9f19505a45a76c39e394cccea050d20e425de17,Computer Science
c4358134954d8e62939c3a8b9ba8e953d951f73b,Computer Science
a83902f8b3aadfda633968a840ca1738bedef837,Computer Science
4fb435fe5c3c84721e07653bafda3caadf2ebffb,Computer Science
1b78ca26e161bc824e75cf5b3d582a3561a1a16e,Computer Science
3d59ad3f87f80bb3382ec91bb9ec636515547ab1,Computer Science
c15854c9cb2df5e58380b3aefbdd2b0bc55ebca4,Computer Science
d25121da56c9050137800c69520111b30201d1ed,Computer Science
88d3229660f8f67e0bfd9689b0cf9ef08ad92106,Medicine
88d3229660f8f67e0bfd9689b0cf9ef08ad92106,Computer Science
d331de3b6bebb0f9af1fddf1b730ec057a7026d4,Computer Science
76e31cac217d8af2dc91b6dbe5265c8066fffa46,Computer Science
76e31cac217d8af2dc91b6dbe5265c8066fffa46,Physics
76e31cac217d8af2dc91b6dbe5265c8066fffa46,Biology
54a516aedb5668a67070f70a9f895c8d7391a86d,Computer Science
10247d86d6b9ea3218d73b1e64ea7ed4b1121752,Computer Science
879eaab2275a364549809560b42f0fef357ebbce,Computer Science
9fd46013a7188a76da0d610fc54d8879200cce17,Computer Science
9fd46013a7188a76da0d610fc54d8879200cce17,Sociology
c3b19870cbd320ad554498139e474644768576b6,Computer Science
dfeb14849634814da58df726a97f986da2e2cacc,Computer Science
04eb972bda6e775d5a15ee49541afca3e3cc93db,Computer Science
a155b53e05976d7d8801eeeb1a74dfd82639d543,Computer Science
69b184f62c97513b03deed96a1443f79b34af0d7,Computer Science
5ea19f443aa86001147caf5b874c75e2d407a246,Computer Science
ea3e78210e1369bd753aa76c13402606967d8cec,Computer Science
2d7d78b95c48b09359fd86ab0108328d69101719,Computer Science
e4f0fac0f64945b5b2d91d45541b5b2ebbf993c5,Computer Science
e4f0fac0f64945b5b2d91d45541b5b2ebbf993c5,Medicine
f8d11695f7f9d7325b9043f3b39fc623eeff9d4d,Computer Science
f03f38647a616a3471183f587f2b3684a9a3057f,Computer Science
e877fcfdddaeddd46f7f1afd70eb2e1c7a4bdfae,Computer Science
cf479ea1cba51b7083702a918001fbc667bdff1c,Computer Science
3fd81526f7160d2dba1d943ef7a0862bb7fa0531,Computer Science
ce1715982ba4ae45ed235e11142238485b0db9fe,Medicine
ce1715982ba4ae45ed235e11142238485b0db9fe,Computer Science
0f5843cd34c3d12a07769cee510a007d94dd44c1,Computer Science
2f014ed269c77bdf1286bb540278199fb45adea1,Computer Science
2f014ed269c77bdf1286bb540278199fb45adea1,Engineering
59da4f7d85967d922b5d674779ffcee06f186c73,Computer Science
823fe97a65f34abbc60f33179751b808ce60919f,Computer Science
76ad0d37bd3845431b3ca9d07f8db74c82752298,Computer Science
42044639a2fe3d53daed715a4dd4bc4536361058,Computer Science
c562d4c311a603ea768b9f002b4fccda617e4543,Computer Science
c562d4c311a603ea768b9f002b4fccda617e4543,Medicine
f9a734ab1200730b2260a4a39d659e00a0143dda,Computer Science
fc5f304e56b1724dfd6b09845b1edf4efe592341,Computer Science
061c1a06d47170fa30f62018eee441a90f6967ce,Computer Science
8af3de56807c32172b06982cf785c9c8b14d117a,Computer Science
b9ece2558147a1ec16be1257f5b3b84b34e2d608,Computer Science
e7e46bc5ef80187084d2d2c626ca95e68ee6e74b,Computer Science
3b2664a15b46e95eecb9573f21c36892037b0264,Computer Science
e663f431579bdde874795c4e0ae6b58249de695f,Computer Science
284fd250280c07b64a1a1c69abf098f02d632e8a,Computer Science
284fd250280c07b64a1a1c69abf098f02d632e8a,Mathematics
a946d369760b4505774b6cd24825cefc0c08eff8,Computer Science
2e747fb6aec192e89ac8b3fc98f56f4a55f8bb71,Political Science
2e747fb6aec192e89ac8b3fc98f56f4a55f8bb71,Computer Science
4532329a2dcb3fa3f4c623906166a049eca830a4,Computer Science
f945c65983d746aa66482e86e338a2388bdeff76,Computer Science
f945c65983d746aa66482e86e338a2388bdeff76,Physics
f945c65983d746aa66482e86e338a2388bdeff76,Medicine
b336492cc1a8de095a57fe0684f142816f32d045,Computer Science
0f897cad22f8485a0ac0c3f34b5130eed0eb4fc9,Computer Science
0f897cad22f8485a0ac0c3f34b5130eed0eb4fc9,Physics
7737b2f4f956e2517087a4be04cd9e1af70961ea,Computer Science
0e7233e912acd3cb7890c67a6a4640280f9f966e,Computer Science
2e5b7cc1eaef2f22e3e52778f8444ab7c76e16d1,Computer Science
95f4666c569ca863fa4ff2ab1447eaad7664b98b,Computer Science
c976d7f4ebf8f3638fd0a3d74e531592f43df757,Computer Science
e69909344f6c6029616a52f2215706e961912e6e,Computer Science
7762e743f385789168c35a7532a010c50ebeca94,Computer Science
7762e743f385789168c35a7532a010c50ebeca94,Engineering
3f04900ff0b01b2912625967407cc53188212893,Computer Science
3f04900ff0b01b2912625967407cc53188212893,Engineering
e39a0dfe48da9a51defb80fb4b839418e2981b8d,Computer Science
19af8292ff3cc10aad6f190490f0d34691658179,Computer Science
654e2c9b5c1602e5fb0b746a25cd5b3e29063332,Computer Science
856b12bc3b99db662e93def08e49db73c1df5e79,Computer Science
82af9bb84594d4fce17a5fb88888f8bdade0cd58,Computer Science
e8b8ef7629a16435945b40cb01b15cf1e537adcf,Computer Science
1fb1c749be01442d669b98b41cb2aadb58671f58,Computer Science
ac7bd75ffa89bda3760054f76588b61c37550fe1,Computer Science
0df9d9ab06e8418dc23967f81a44629273765ccf,Computer Science
10853ea84c7d4aeda17a4002370ff56048fd7e61,Medicine
10853ea84c7d4aeda17a4002370ff56048fd7e61,Computer Science
97e05d10a4530984d54cbd86b36574d70afbdced,Computer Science
5b928047a634f26d7a1871d173058a6fe578fa60,Computer Science
17d63c3b79872832dd28dba7412a437b17730b2b,Computer Science
a3e4ceb42cbcd2c807d53aff90a8cb1f5ee3f031,Computer Science
57dc1eec85b7c0490ce00d4f02c660b7c0b06f05,Computer Science
097bd00d48281dfb987cc2277b34f7706c2aa0ef,Computer Science
1c2f8d2a68bcc6c9d6c79a26e4c6f70be445660d,Computer Science
271a21ae3caa4bc4f246acb3a01a6d56453d77c2,Computer Science
bbd158ee7f7026ecf18750a0b265b3c01cbc0e6c,Computer Science
021e2ed2adba030f5d02e60722ffcd4674f02653,Computer Science
87cb930ac1d07b0f759627b3a50cfa08a3d51892,Computer Science
87cb930ac1d07b0f759627b3a50cfa08a3d51892,Mathematics
76cfdaa82cd4c074cb4a1c7f49ade8573ae054ab,Computer Science
4559600f2ba644d41a7580362d3fcfd5c363b814,Computer Science
92d58d5a303be4587785489c7ecd3490950ccbe0,Computer Science
5f2440c0b18a8e0d5b0a994087e752c19f82bbc7,Computer Science
3d733e63d44bddd235a41e47cf0718ff5e70b8e1,Computer Science
3c6978ed377ace2b921748f40b0d7431ebbfeb7c,Computer Science
f216bc6460be4477674656e0a9682c1e9d3b2157,Computer Science
2f105cb440bc5cf7260071f407c39bbde89dd265,Computer Science
d230862f33946a3572ff7df78bfc0aaa726cd787,Computer Science
0542eafef8abab8e4d0ec467d2e163da7e609130,Psychology
558adccd5dc482be3a17169ba1a921ea4b74101d,Computer Science
558adccd5dc482be3a17169ba1a921ea4b74101d,Engineering
558adccd5dc482be3a17169ba1a921ea4b74101d,Mathematics
5d058aadc2e938f421d0acae6dcdad3be35bc8fd,Computer Science
bb6adeeb3a21479cc45490a5c2ff6d8dd5e77603,Computer Science
bb6adeeb3a21479cc45490a5c2ff6d8dd5e77603,Medicine
e822040837cdb5831e6dfcc25aeb5bd5bd23c9a9,Computer Science
515ae2953e7312dc410b94f561a4296f8e1cbdc0,Computer Science
515ae2953e7312dc410b94f561a4296f8e1cbdc0,Mathematics
a550ad9d7f47b65f7788287a23717a4f7c5b75c7,Computer Science
c5db7a49d55f8b542daae60f3d14546115b1498b,Computer Science
dcd627cf71af44b1a140d5b3e7503cb3251bee58,Computer Science
115617d09807325bd18c42deedd6cab435f90563,Computer Science
a197dc7522800487601525359f5d25efa09daf3d,Computer Science
c9d24ac34cb9d3cc015f926a2a77b4571162311c,Computer Science
066abf7409baf051b1c70cf3464c80040a8021c7,Computer Science
2f586042d52af9fd9986d8e087665a96187aa8e7,Computer Science
781402fae3a7a44b90855eeba8e96a872347fd4b,Computer Science
cb15c1c51e8a7da42d5b2ebac955bf1cd9dd4022,Computer Science
dd246382988ec1607297bde5f4f4cea75a3f9f6d,Computer Science
87078d95bee341a1767034d9432fb34937ecf65a,Computer Science
827c34613ea75eb817c1d9a945ecb673bb566d85,Computer Science
156d217b0a911af97fa1b5a71dc909ccef7a8028,Computer Science
de28ec1d7bd38c8fc4e8ac59b6133800818b4e29,Computer Science
0cc1befaf72ca96c2a5034d004132da1b7bbc58b,Computer Science
4c6dfe48b8b136e6bb44c92e1fa006d3d7bf71ed,Computer Science
733f32fe7d7e0b53fb7e9d35dbc6f47b96ebff37,Computer Science
9db4b74f4a7d7a4e1348c07aeb10d5f39e5dbfc2,Computer Science
dee6eaa08574ad6c480c03d58dab37a788b5ee3f,Computer Science
15e1af8533cd810e976d36845b53f5f54744608a,Computer Science
b21b927c251c415b601b6d7f785a42cc5c292635,Computer Science
d449ec41cd3222f9f8b325adfacc8f4b9e7b95d3,Computer Science
7f2667e5f5c327381e20ee4c88b6a0ec89d7857a,Computer Science
afcddfeb97d24edf9d8a54df57cd11e4c2c1c73a,Computer Science
afcc9c54256040cd194c47d2b2c99df4509fc0c4,Computer Science
28c28192dfdea806f7b4a4b4c1dbeebf1ed4e400,Computer Science
f49f7e7d3333fc2391ae251d881912328bd3c9a0,Computer Science
0fcf92c92b5f2570fedec83dddf554cd74704d47,Computer Science
84d3e64d995983fbda34aaa86a9574f9241483cb,Computer Science
6c7a4bbb9df294b1045e2d9e7cbcdb226ee0735c,Computer Science
1c77f0cb9955e354d53349f89b21f21f0c734eeb,Computer Science
cb92a7f9d9dbcf9145e32fdfa0e70e2a6b828eb1,Computer Science
47effa64fdf759a9adfb98c10aa56747fdff7a9e,Computer Science
9fc7e3e4f322bd315be1d21046de995dc365a2a3,Computer Science
14423ad58befc3255969e76043805be05f47395b,Computer Science
8186fcf6f489144c711419f53e9fb48ada01ca11,Computer Science
3ecf3392b33d83749e7ac3957a61b1caa0d3b975,Computer Science
d1e2e285c369fc97024b06b2b8b0c9d6dfbe9647,Computer Science
121fb6336a87f72c17f210f8fba1278d8688cd58,Computer Science
6cb77f85207c680ac442275138d2458a8505256b,Computer Science
b55a065d747be3954f930ab3a7370ea23b6a39b7,Computer Science
0df8db983bb491dca3dfd0deba6a7a74b23e08ad,Computer Science
e6f4006f8bc9867cbc33b0765e7831147ce5162e,Computer Science
9b05db2352c046b3b29bd9bf258cda8895d96d31,Computer Science
1e88bbd27896449115841393040fbbe77a486477,Computer Science
2444de29193576f5c2b3444df81ce177dcbf14ba,Computer Science
dd9e10ce452aaae707835a97b5dcd1decae1825f,Computer Science
f416d4abeee8fb5b3fcd12fb13912b5e879b16ea,Computer Science
c649eb00d0ab538ce2ad6f738832e57cb316cb6b,Computer Science
6181dc0cfe0cb4e91c15900a99488267fe856df0,Computer Science
9843d4771366606368bc7e01065763af86f0c1aa,Computer Science
9ed3652b3351fff5e7a36a8f12cf3fcc9c30d823,Computer Science
25b77db5bfca92029532ca70ee659fdf88db8484,Computer Science
6dc9b109c995873c33f13722d0541a87f3362ac0,Computer Science
d1ca07561b24afe8b1bd18dd1c239dbbbd221964,Computer Science
5375faee22254416da8b7ebf156f24eb5ea2a8b8,Computer Science
50068fbea4d1cafcf4c99873ab272c701c08dfcb,Computer Science
56fbb4152b4535230827eb2bd23c618045855c26,Computer Science
ee6564e2e0f47c6ac131b093f057ca75907958c9,Computer Science
6407b8cc05e839d59ea0b7a7eceb61ee3e5fc46f,Computer Science
38fe0464af2ccc8db9ca3edc6ba1421931f645b2,Computer Science
44e34bddc5f0bf794b40271f958159970ff973ef,Computer Science
5456edaf6daf86cde1b38a8dbbee9ccae12070f9,Computer Science
fb3dc58cb17c54b997e6301cbde7773f77427833,Computer Science
959927c3bdc254d0c02583d47f35654d53c4d6ef,Computer Science
77994c9c7ec19a07173b88fb45a8900b6616dd03,Computer Science
f8aca81ec91a76be80d2ffbb9efeae9f94f23d26,Computer Science
50fe89d2109f1f186e5e91aa8a7853d92a85daee,Computer Science
cdede45f350038a46bac239d6ff8c548ac2945ee,Medicine
5c5751d45e298cea054f32b392c12c61027d2fe7,Computer Science
1dd19753c01476612db6f668967ded7b859deb83,Computer Science
d05ebd2299bc8007edf9422eb2f7b4466e3cf4f4,Computer Science
1955c6821a5dd94baaa3fe96f4e50c071f6fa87e,Computer Science
5f68c2fc47408d10013c36664495b1a489087053,Computer Science
4d515133e301691863dc81e5c73046b2eab0f3f7,Computer Science
738349f595421b70f80a8d8fed7f70e55fa5f475,Computer Science
f91ac07cc5716c25304ebe4385ec3b41b67f57b9,Computer Science
7ff0d6253469c02245c1bd321e97a96813b612d4,Computer Science
9bbe5de594c53275e3123417c5636243677649ae,Computer Science
e0aaff524db88a3b89d2a736aa297081f13af0c8,Computer Science
58f1e659b9dedeb7704e736aebaf6f6e245559fe,Computer Science
89ce63af706dcbda6c4c8ae3012d66d00bfced18,Computer Science
d95c203e194a29825e0cd635abd87d1030e776f9,Computer Science
0b32918213f6d18c1bc83585a14cfbc6b9039a16,Computer Science
7f27f8f8a7abf18cf775e7e9322e8e83c05d337a,Computer Science
e03b10b76c8c07ef0d46001519b976d9b2d30711,Computer Science
414884b429ba39effcd1112d4ffab619d9295a18,Computer Science
9bd2f0db473c225527c4e9383190752de1d5b89e,Computer Science
ff673429c739620f296bdd6d0cc95724ff3841e5,Computer Science
965ae8bc886f2afedfb6e20bffeeeb6ce7abc295,Computer Science
0729749a7eb5354934f030d0abb7f886afd02e29,Computer Science
c5a25230b86e2d5cf217e145db1f2cddbad66f72,Computer Science
1d5d86c0ee4fab53fed4e8eaf4437ce32883f327,Computer Science
0c3767ef8f28e0e23351670ee59af70617d36392,Computer Science
5f62a8282fd583df9b75de8e1ca19d4981b3c789,Computer Science
b72fffc77760fc0588c62da6da9732e072d2e5b1,Computer Science
9ca391c5c9e7a7f482408a405f1eeea7dd2c02b7,Computer Science
2909d49f6682012eea8fe7e1fc4c58e971855a7b,Computer Science
89ddc52b54c38c6ece03943bb268598452ccf999,Computer Science
ccd09ca053fcd173776af891619df6ec7c3ad691,Computer Science
56444b35418f75d7a400f421d62516a6539c48c4,Computer Science
783c03bd491b5c7533f259e0318e02b287e02e80,Computer Science
9a170e202b071c32740bbd7b37b3fb3effda5466,Computer Science
6597075f9ca1cdefc1dfc420970580fbb2ab2012,Computer Science
0071fc8401253dfbe33c36f68c1ca7b80ab13a56,Computer Science
c1f3f0c527a03ca37a7589e7ffd4383f77c55008,Computer Science
f789ddc6a6b235cfa7a1019cf00d2f2fb6950eb1,Computer Science
e55c01ca17bc2cf86ce0ae97870e41cb59e08578,Medicine
dc52fbecd16989fd86967634851d74944995c594,Medicine
92a73e3903d83119bd89fd3e86e3fd3c486b3dab,Medicine
fc06b217a56a6aebc55a7c22afdc5a2b67085df0,Medicine
280b6323d5acb03e2a380d1b2462f38d01c98c54,Physics
280b6323d5acb03e2a380d1b2462f38d01c98c54,Computer Science
8abc61a908fc7b357d95f0411f7bd6f884e36155,Medicine
d6a9b90a3d463b9a1071b6f18af85a6ab6f57d67,Medicine
2e0fb6c321f7ff1fa1e26710613f780f10e80d6d,Medicine
d257296c3e8f69f22ad01bee909e5fd3ba0c6fc4,Medicine
55c0cf25606b3ab50285cf81382a572cf3273f3c,Computer Science
28fe0508eec57623b35ef6c7de13ce3d5958c113,Medicine
9f082e631006561dfcedbbcbb31121fe1e8546ec,Computer Science
9f082e631006561dfcedbbcbb31121fe1e8546ec,Biology
0de393bcd8e49a5261d67308f0ffb2a7b2e8f4ee,Medicine
776a956187f7cf575f5e5d69ecfa9646123befe2,Medicine
12918ecb45e0463d909ef557427004950624d9a4,Medicine
b237611f23eb66149ae18bf902373bc465c3e4cc,Medicine
d51448d7ecf0fe7097f5d5a85b29a3496824244c,Medicine
9987805b4ac2c2be401042b19959f7486ee95afa,Medicine
859e07f3ee3b2b48247fafe627b36ed1f514bbc4,Medicine
d0c817384fd40ee71b425fc898c44ba5ac35e850,Computer Science
764d674230038ffd0ab12b7798a4aa6f72b16327,Computer Science
e6554e7d6b75f36a37765cb4d833a3474671ca8d,Computer Science
a9d7a85fbd1028be86e93410f095a51148656a56,Computer Science
47ecc17522fa9af65255c357397fa335a7e57d0d,Medicine
d153de7a6c6418f270e91517f48c8437bd05418e,Computer Science
524e1fa0a66e6aa6c1b04eb7d7307eeb8c7f8688,Computer Science
686823d1bc6b57a3040942d0b73ab7f73bc733ea,Computer Science
4fb2f302b0d6bc0da73b906c2eed6246ba083e38,Medicine
79936126ca271b6a2e2dc8f3ab27096a40ba6e5c,Computer Science
6ddd84fb3c6a7883807b1335d48e234b3ca1f889,Medicine
f3614e33e14b86f29304071c0fe2069bbe7f5274,Computer Science
6f3a31ae1514dbe2b2f752b4e87c824c27ed45fd,Medicine
cd9d82d685bf49516cc3a0ef7104de06908a5a89,Medicine
fb084d525cc6481394c91a4599bb32347d8537bf,Computer Science
605d0e71feb52c9b3cecb7a38276ffcc4659e42b,Computer Science
c4a9619d1a6c222764048ef30cf4d0c35606eb66,Computer Science
f1e70877dcf908904e39d09c1ef43d37428c5302,Computer Science
b126ed9bbb05f2c2b15c9f4402a609eec87e2eea,Computer Science
f9f29cd689bdf173c2b4e231c3feff1ca837dca1,Medicine
081f042862d9de3fcea02605c144104cf79f45a8,Computer Science
c7ae9524eb91ccaa1b7ba0725f6f04aaae022d75,Computer Science
cd69d1cf236151ea59c9ff042dbd15c280ee9a73,Computer Science
bf043e8831525f6e661ef9e593e4462b78135b84,Computer Science
30121edad0f2c5f935a53a08bd0d56267d3c3598,Computer Science
fc598b2b076ae74d1889878207439e84ffe75303,Computer Science
591f5644aede42a2447e48eedb112c70e80089af,Computer Science
68b01e1a3804da1921e677d56f20a2c610dfb2c4,Computer Science
37841d9036313b43d2a4069bc3f1493e9dc598da,Computer Science
d892b1335ad37c4773f98e8282b73d1460a9f2bf,Computer Science
59c11f04d98e771e0a40f967c1be5f132978b538,Medicine
d0b9d48c1076816e3cc37918df355904f08e1606,Medicine
cfa9fd78eafe3ac3189ab26a2ac679e7c59d9123,Medicine
0a3cc69ff70588648d2a3e097e07a7fd95d78ae0,Computer Science
a56888014c54c2d63c030ce06c4473d89c897d71,Computer Science
4c9dfbe64392aeea00d01419a8746fc7d02432f0,Medicine
7250a88b7db79899ab5a5acff7eff2b4f3e2dd5d,Computer Science
6f85470325e6bcbcfbfc1ce7d3f16e36d71e2302,Medicine
0e8e0531db8d182454203ec5a0cbb3367d560737,Medicine
8738c78f5a2c2d94dcfc34ada047ed7e51dfbe8a,Medicine
79cd1c02331b977026b4b4c5ab251ca999501e30,Medicine
798058a355f3533cb05423561a5b5f774a2ec785,Biology
ab6bc3753acba7837b4b6c041dbd8e196c720e77,Biology
ab6bc3753acba7837b4b6c041dbd8e196c720e77,Medicine
12610a7b39efe0ec0a1cd52c242a712ea719fb4c,Medicine
dbaf57bbdfb6b7f3c2aa658fef9654a272211e08,Computer Science
653405079bfe83614fb00953f94bc22df3a06307,Computer Science
653405079bfe83614fb00953f94bc22df3a06307,Biology
653405079bfe83614fb00953f94bc22df3a06307,Medicine
0572345cd64163f7e2507fec739d5577dd106504,Medicine
ef9b84a57a654888729ce73a3f2400d56e12a300,Medicine
ef9b84a57a654888729ce73a3f2400d56e12a300,Computer Science
b724bc035a211d1fb1afccc558bc3421de51cb1f,Computer Science
9051a256ec3cd6c00aa5a1a33eefed0f16c57c0e,Computer Science
bd5291610a23da5aa95d309bd0d3415a0f7bcd10,Computer Science
10088fee858ee55fa0e46eb3e31d6cf9d36861b5,Computer Science
dca8926b0926bc9523b11b104dbdaca96f3a152e,Computer Science
0737e602292ebcff66e1dea3fd0825d63c4bed07,Computer Science
948ad5d083950b3d7f5a8cca26224501a1ed2dfb,Computer Science
ee174638f7b870b0485af254195d11bc4ec14c50,Computer Science
a494f1b7ae5f952beff8af3ce3c85247f5e44830,Computer Science
437bee05376295e65ee50f6a6d07925e86ad0d59,Computer Science
f26699c40f43ee6f9e93f668e419c35f09c799af,Computer Science
606a57fb0ee1f8179a8dc24c09b98189b083fcd4,Computer Science
df657b5690774b05ce7f0e06542c29ac7c094e1d,Computer Science
23cf51d8d487fbabe2e7bea9d60026a3ed848399,Computer Science
3fbac6df7bbf468c75dff3e7bffc087ae071adcb,Computer Science
129783963688a7d3eea2aac9cb6bc71d3c367410,Computer Science
bb8587e680bc3a432e22792604d12b34fd147c71,Computer Science
9c8de82001a440d2d367293e94e11e68ddff2a85,Biology
4f010c59a2519613d178ea776be02b56ea53cf29,Biology
4f010c59a2519613d178ea776be02b56ea53cf29,Medicine
53de08fc44240321e0e23ed7ac5f6b84bc5b9294,Medicine
42fd45a57bdd86dc2e423c4f62ca203f717b16ab,Computer Science
84e77a99ef9ed35931ae7332c96b974577dfe6f8,Computer Science
09a5ca957be56a13d385504e0e1f7da946ef5b23,Computer Science
2b1d8b0539f2fbffd49559251d83a4bc2d72dd25,Computer Science
2b1d8b0539f2fbffd49559251d83a4bc2d72dd25,Mathematics
e79f9b34e54d3a961b5af94c52e7464746c6c789,Computer Science
6536715cebe5db75def0fc362a88d38ab9c5cab8,Computer Science
958411e368c4245696632961e4b5437916c764fc,Computer Science
dd4adf0a502b6351ba5697091ad479ff6c816fe6,Computer Science
703fcf6b977c8a1760c58bfc7055549171297354,Computer Science
80e84da93b42c7a2810252d3f7038f17a0242a4a,Computer Science
3cb8ad6f6ad359288112b7e0666ef403ab436d0b,Computer Science
b80587bb894774a2a258245ab6fbc914f3e6873e,Computer Science
b4e8dcb605332980d2654cd5d7f2adb58d12f299,Computer Science
b4e8dcb605332980d2654cd5d7f2adb58d12f299,Physics
b54d44ffaa89624f31b925c2ed26e8c34ad18e3d,Computer Science
0b7d170d0601cd88a007436efbaf311a02b1a332,Computer Science
f31c212b0652dce3c7031454dffaf4c15d5dacf2,Computer Science
eeb7e69a513d42b88bdc34a66ef62c3a22c4ede7,Computer Science
92611ef75317d980a4575d3fb492d5f0b6999413,Computer Science
b943002deac1cc2af1a4a0eca6493b7352031558,Computer Science
ce7a6900a181708dba6ed2bf612d06b0be1d20b1,Biology
ce7a6900a181708dba6ed2bf612d06b0be1d20b1,Medicine
ce7a6900a181708dba6ed2bf612d06b0be1d20b1,Computer Science
a7c45906d7921034f1249c570299368df3ac4d88,Computer Science
bd5af6d9a39d6915771c988da196c2582a926834,Computer Science
aa3da305318799a02ab371318bd01678187ef080,Computer Science
c298aea9c6b0e284a786987ccc9bce9df6b6d16a,Computer Science
f40b6a9bd6ca0c174d21d835dea1d88b9638f760,Computer Science
eb24806a78ea689bf99b150791b6ce054ee460f5,Computer Science
c7912660edb36eafb20e8b4bd609d24e14fdaf1b,Computer Science
97b235d4bdd4f924f644f42f048c66f7dd4368cd,Computer Science
62c898f491535553727143006ff7db4b46bec7f4,Computer Science
283129e7f3a9a09e67124fdb3e009ed99ecf6b04,Computer Science
352728394f6873bacca3f0e92c8b4e6af879a3a6,Computer Science
36ce12cadada7523bcce7edb4a704eba08baa520,Medicine
d41e2dd043a7843eb7fced7306cfe3373ef3cff9,Computer Science
ee87563b25ec14c212e4855c9f282dba31a5d3ac,Computer Science
ee87563b25ec14c212e4855c9f282dba31a5d3ac,Physics
54a84b3767f2a43802f4036346c7db6304a9703c,Computer Science
9971ebbd2c397edffdfde9c6426106e11191d0c1,Computer Science
9971ebbd2c397edffdfde9c6426106e11191d0c1,Physics
a37e910b88386491ae0b67f544722c914fee3aeb,Computer Science
ae2ac9bf56e2eb8a0213c47d1389e8d47085c358,Computer Science
4e6560faa58178261b11f4897eaafb2da7562404,Computer Science
4e6560faa58178261b11f4897eaafb2da7562404,Physics
8df02adea0c856f729ccebd23a94cf2823c66c32,Medicine
cca9ae5849f48fd045eaa8ffe5d38e15ebabf512,Biology
31b524b2ab72c577eb5b2f95ed2e22039f83703c,Computer Science
2a5ee875e2d9151d086683920a876b14e23882d8,Computer Science
5d37bac7fd951bd295c636c4feb73d193c95de22,Computer Science
f57f8f71e013824991b7a3adfb368ddbae68b038,Computer Science
8be11f515f919f8073f9c6c82f675a7297196a98,Computer Science
bfa46e5daaa9483e0f60cfaf29a02ac1a8872107,Computer Science
bfa46e5daaa9483e0f60cfaf29a02ac1a8872107,Physics
c919f252e1d23638ba6a420bc7d222d07bfabd38,Computer Science
6ddf702fd48d88f064462c7c15a22d27fb8c8b7f,Computer Science
51b7f9164afde53891f05afb60e0bc83b7a428fb,Computer Science
c10705f758bf3d6defcb65eb1394087471b97014,Computer Science
050871f42204a0bedf021601ac015c2204b357c3,Computer Science
e1dc2dfc67eecfa34f90ce2c23008ab83acba5a9,Computer Science
fc097b980272c6af48ba3f0afcddcd1549cf860c,Computer Science
fc097b980272c6af48ba3f0afcddcd1549cf860c,Biology
bba5d3a86950a9fe38cefb254d74fa7f7062c34f,Computer Science
bba5d3a86950a9fe38cefb254d74fa7f7062c34f,Biology
49eb4dbd917b8830690bb0e17fbce56e2b598e86,Computer Science
48f448c22c2eedb46cb4243e58418027ca9a2918,Computer Science
48f448c22c2eedb46cb4243e58418027ca9a2918,Physics
0024db5f46651b7e1dd593cc33e740bead341fa8,Computer Science
0024db5f46651b7e1dd593cc33e740bead341fa8,Physics
ddd1b5e92e0464bd775fc52218a7fda150ea6149,Computer Science
a967904a87ba4c1d6359fbd7342a074d63e2fe63,Computer Science
cdb34c0092a767848ca1de6fa7e3a6b822585fa4,Computer Science
4155072db4186e6f5d171507f3a1225c76188949,Computer Science
1fcfd53125b016aa47bbaffb0f6f0f1c85a09d77,Biology
1fcfd53125b016aa47bbaffb0f6f0f1c85a09d77,Computer Science
ca4c5e3c901ecb57603ef0d61a7b9dfc010a04b2,Computer Science
49fcb11ca570ed1aeec6b136d5c2eef001730a01,Computer Science
bfed3d4c959b64148811376965db84f77ea8292e,Computer Science
cf81d21d2196599f6a1e1ca4c3fdfac6e2d01e19,Computer Science
68ec9e853b552581fcecc345fbbb02f8d496984a,Computer Science
45c0cc80a04a839489084e3eed81704adacab413,Computer Science
cba610ac919a37b6d13549b20919cc9077bb3391,Computer Science
cba610ac919a37b6d13549b20919cc9077bb3391,Engineering
a75dcb1cb0865afd55d1d01cdfaa4546eaf06af9,Computer Science
75e1cc9263cad6c914d3184452393f8b7fbe6933,Physics
75e1cc9263cad6c914d3184452393f8b7fbe6933,Computer Science
d6de74ab8c1cbedab35b19ca4605525a0c41caee,Computer Science
efc4cc63e8e457178168c732b1d792794703128a,Computer Science
e8bfdea65560f1513c8218c4745eed0c380fbe92,Computer Science
f4f6701d94c33bdcdba7ae49c30a2d5bf59e2451,Computer Science
f4f6701d94c33bdcdba7ae49c30a2d5bf59e2451,Physics
0bfa7c89253235d2822a3fd45dfcc9f2e7787984,Computer Science
9348b7b95982d0a675a767e92c23647aa6915a94,Computer Science
a8fc2bef3eabe018fef37e7aa35a45df25b54670,Biology
a8fc2bef3eabe018fef37e7aa35a45df25b54670,Computer Science
a8fc2bef3eabe018fef37e7aa35a45df25b54670,Medicine
429a4535bd8645ec2dd4923eca9051c5825a43c6,Computer Science
e947463aa1cc812a1e9697f92e04787cd129323d,Computer Science
9003dfb6ad1da95af76fe9a8bec9991da4356c1e,Computer Science
1a7eca9ec5ce8d39c50c3baf57dd453faf23f031,Computer Science
a8ec8e1d01c00490ff500b08ac619077fef3435d,Computer Science
66a69c42778c7fff93f5d1dde69b2eceaa757b86,Computer Science
144d6fe04c584881575e1ce264949018b0fc9f63,Computer Science
0abff425f52448fe874bced16f69468cb832545f,Computer Science
6fcd66201e09c5b1b114f7b6a01157017d74ab42,Computer Science
dc6c129222f63f7d76723833cde1b8d94c1a60d3,Computer Science
efede1a119b1100f710819a807536047c28bb5c9,Computer Science
89d4a00e4b2920c884c077e8124e54c5a0cd11b9,Computer Science
7f4dc2278edc9e23a1d72cfb9fdb932a68e7b3b1,Computer Science
863db31916de0f871619efd2e09862ca96e16e45,Computer Science
7491b6e7f22e65e1ab4608aac1be4949c53fe0dd,Computer Science
b7ed02126c0799ca40534951882dabd60dc35579,Computer Science
6912a12f3710bf4bbdfd9f55f90311426fc1c32c,Medicine
6912a12f3710bf4bbdfd9f55f90311426fc1c32c,Computer Science
ba621822c8a787fa151505d8019e0bfb5c31e75d,Computer Science
4a67bf64cddeff4710c5eea88a040adb51bc8dc0,Computer Science
f1a98a3a59eae6c0957cd061dbd3c0ea077f162f,Computer Science
1b5b0f61f98b195bb3dfcf860561c524664ed677,Computer Science
0c795b7e94b74060fcc5183101661fe125e81aaf,Medicine
e068006cd02d105c734ee13631ea5e0322c98546,Medicine
e068006cd02d105c734ee13631ea5e0322c98546,Computer Science
6fa5a3ee482667389a3970faa3e7ab51d4bd14f0,Computer Science
9cd630b3eff9bf9c26026f028118f919ff348f9b,Computer Science
9cd630b3eff9bf9c26026f028118f919ff348f9b,Medicine
cbd4f2a5ef92489f2dcad061c0125fadcc1cb4c0,Computer Science
cbd4f2a5ef92489f2dcad061c0125fadcc1cb4c0,Medicine
c57e0678310cf6468d5e9d0b843d933006d14a04,Computer Science
c29d80e97771defa54ea2a8f4a391cb15e597adc,Computer Science
80d88e204c02a1a98f1dbc286ef222c227a7d827,Computer Science
476356bf86b393fb16321bccec54c23a902ac137,Computer Science
8c6b27940b3992c99657c72ea93f7aacd52e4eee,Computer Science
45c008f1fa5b7438ad387e13931fd281a3207f2a,Computer Science
df9fcaec10872a0642bb641767173d6cc2a085d0,Computer Science
3486fd93fda7b67743af392ae533a1cf6bce5970,Computer Science
2f7f680cff2a79049469f4347bf160b5e3485fb9,Computer Science
27892516b6a20ddab6c5851efb5abaacdc077691,Computer Science
e2422824b52fda9572e94fadc45f9a6d7ec6dd74,Computer Science
fc6945aa5a82e25eb2860f90c397107b93a4df31,Computer Science
5c67cb7f32963fd3ddf862c80865a0f8445e1a93,Computer Science
3bf0e2f801076f0891a11e9ac5cb1da52bbbceb9,Computer Science
df3537f41964a08f5a1fbf1594719ad9452e9701,Computer Science
6b6a5531b6d8783f545cb193ca775b8c69223bb8,Computer Science
78479310376c1e4774561e0c264e875ae79534d1,Computer Science
ccff6e2395ed44e529d3547e7c7d8507555920ac,Computer Science
3d0723347ac5b9bfe25ab01caca3b01060b7238d,Computer Science
3d0723347ac5b9bfe25ab01caca3b01060b7238d,Engineering
f9f50b2a6feaa7547e93ce8e8537959ffaa0bb9b,Engineering
f9f50b2a6feaa7547e93ce8e8537959ffaa0bb9b,Computer Science
433d82dd937bfb06defa9a4fd5b3edc503d2ed61,Computer Science
89dbceefbb56dffe338b43fffd30cf80554b1bfb,Computer Science
17d3fbeffa6fc859098a65b39fb2b0c29c4b4577,Computer Science
f20f8fa076a4f58403e0b832d6085286f1f3aa6d,Computer Science
3c55cdbca9fdbe4be50b0f7cc6cf957e982b18e0,Computer Science
a24911437b9620e0975ce6feab267bee3fd1002c,Computer Science
f26fcc2b9fc8944e054425d19c12b9d5cca64fcb,Computer Science
99762070c90458c9b46ec1baf3b21f8423574b0b,Computer Science
5bdb6b0c46216a84dc2cac3f27c2e4e9454af88a,Computer Science
9be4bad72b4efe5fc84b28c032195e074b20f9dd,Computer Science
a863f148bd3a952423b1a1c52e706a46ad62b6bb,Computer Science
05d76d68683c88577eb8826f22942c78d474337d,Computer Science
db0cc62a8ea78f561d8e367ab49f53161ec7c40b,Medicine
890b62dac4d8f511b6ba15fcf995662a93e0cd88,Medicine
e435d71755090d1c9ebdf66175637f8be030ebfc,Biology
756aa33068209bcf6cdacbc9e1726c18400a9878,Computer Science
a86124a6c403817e559de2a73d40c2c28ac5d47a,Medicine
ab6cbeca003b8bc0b7d78f68d5697f51a144a488,Medicine
ab6cbeca003b8bc0b7d78f68d5697f51a144a488,Biology
a0e4fed32aaafb4c67c3e6ad9e583ba9b883a5dc,Medicine
708e80a5f5c8bb880dc70d2f4dd91fa85f072161,Computer Science
c145936e7a97faf11cebb2504f656949c993b36b,Medicine
c145936e7a97faf11cebb2504f656949c993b36b,Biology
68960784fec93a075e4e9150e9c6e091e1da8e31,Computer Science
b78a6d7ae27985cc953036f4884b55e232ff0006,Computer Science
2b7256fc423261f8658cb703f52264447333bab4,Medicine
e2d0933c141f6c5e8883b679bec02ddbf40fc074,Biology
8ae1ab66d1691b9660f2795d7c95b628cccef2cb,Computer Science
2ac3ec52e1b6bfea319658f931863b592bf0a722,Medicine
e47087d5029cdb49588a2d8d7a6dcea4c4891383,Computer Science
e47087d5029cdb49588a2d8d7a6dcea4c4891383,Medicine
4bc337e4ace6b2c84aca03718b4c9aea3f1481d0,Computer Science
d2d74a97fffa0b556db458ff937e7a3d786b761b,Medicine
0709db7c6c50747da69fe2946e1283d3a9870790,Computer Science
0709db7c6c50747da69fe2946e1283d3a9870790,Medicine
4d9b89990be6fb9290283c8113c696ca81aba3f3,Medicine
9b10e8dabdd08f141e38ad5de24199b83ea111ff,Computer Science
9b10e8dabdd08f141e38ad5de24199b83ea111ff,Medicine
ff1f11cb27ab8572ed42551e7667b1b84d61defc,Computer Science
ff1f11cb27ab8572ed42551e7667b1b84d61defc,Medicine
172005153bfd833557e794d1f068a8e44094457f,Computer Science
79f643dec03f2993553360fd1c548db493482cae,Computer Science
fd39e97dd01c5b51454dd49ad3ed59f55d8cf50a,Medicine
5e04344703373e24772ef656354ee1d7078b9aae,Medicine
1609655a06a5d4a6709021195375ad324f252b0d,Medicine
3b062efe91b65b6cebebb7d29422ecb602006bb9,Computer Science
2d97083bc7973e8f7ea5a30941decb8c24e15153,Computer Science
904b631146279e40007c89b7e468952aae1a9cd3,Medicine
2dd4d4d1ebbd5eaca19936c3b8437d6065912f4f,Medicine
2dd4d4d1ebbd5eaca19936c3b8437d6065912f4f,Biology
9eecb9addcd1b9cabbb0027dd233f40cd25efb8f,Computer Science
9eecb9addcd1b9cabbb0027dd233f40cd25efb8f,Biology
c41e4d2ffa9c4f0eed7757d159a9c87e5e4b1028,Computer Science
6b0882cdb5a53b62b27a0ac4f6099a489a90bc64,Computer Science
398552fee91c32d3936c197445a7a6b82d897bb9,Medicine
9f484f91864ccccc1199e3e6b8c76eb42318c2bc,Computer Science
9d664c6c3be0bd800f40dbc511eda3e3a3478510,Computer Science
f3684644988197142f4387a944d0e80c1df8ac0b,Computer Science
a93e12172007219051c67b8a05cac4dc814ef575,Computer Science
67db726c3d3bd292c17a528943b6edc33e2eff61,Computer Science
9c1f6d8efe30f945fe8ec5b3509525f97c5bf11a,Computer Science
10d94c12ecc363b81af874ef02f8213c7ac0698a,Computer Science
1aafaa67dbc1b055394049de709bdbffe3b2b703,Computer Science
beb86db70b483873e8f9961ff1cf99a25de59f38,Computer Science
af0be8d47155c011390fac199e2af1f0f6a3775d,Computer Science
f75763e3663812b3c02706e5eb02477aa29f2197,Computer Science
56d0630cd263f915fba19292d831fbcce0fff046,Computer Science
5f6f3fc30e436aab394267beae9ae71ba99c3ee3,Computer Science
4b348e2805932b1aa6c8f92bf680f4afca1c7b2a,Computer Science
049059fef92b47dcc83f9066666b132b5eff075d,Computer Science
0a626f9d7e2a4621ef501c99c6eb02dcac4de4cd,Computer Science
a99930f519b536876aa1e67a83dfd7b57f617678,Computer Science
a9706a5ecec87831d625cdc0b8d856e12ce28429,Biology
e23f86a3021bb728af4a2d7f70cccb50ff91f4eb,Computer Science
d6311085287a07fd0c9d38dd903974f1bfbdf942,Computer Science
955392b1b990487b44f7370ea550bfcbe4767810,Computer Science
3e31fb5c0babaade29d2a8520763c69eedb4feb7,Computer Science
6bfcaa77f743f7e97ce9160508eb173869478894,Computer Science
288347a81f9cb4ac21212ec0ae2bd06d0facc2ab,Computer Science
7196ef1fa0ce758ee46b4232a63812df2e71475a,Computer Science
5ee494622271c88b5cea848aaf881966c5d49b3e,Computer Science
952d7ceaba2cef5ef799820bd349de636bf55b9c,Computer Science
c23125bb65ed29636615d0f0ff7e2340c120b3cc,Medicine
0402ca8f3dc79b3e628b6750865714a03de51fc4,Computer Science
601bc6772073aae06c19fb30e7644c11a7916a89,Computer Science
dba1b18f0633d5e118a69315cee76a8a4d49a6c8,Computer Science
e9fc800faad7ea162239ab19320d7e5b1b83d392,Medicine
32fe770055f654d25cf5f5ee245e55d866438492,Computer Science
81dc35686c6f921bdfc207f9c0b80d69d6e05308,Computer Science
b08c69ec38222e40130a08c743865f147694e14f,Computer Science
98ce1f344e2fc4c94737b661941225c12a7162b4,Computer Science
b1e3098405b9a807b1497300d5cdad9d92054fc5,Computer Science
aaa0a769f85ec50ed645a433b9197001e3c635ae,Computer Science
bd4bc26bf66ec7ad8714b646d8b2f5c14ff23fc4,Computer Science
418080fd96670ff19d15b4cfa3badaa6aadc19fe,Computer Science
988b1b45759cb5b49e024660d0d41c19a695eecc,Computer Science
84f953d7e1d3f7bf0b09ab8c276e2bc9cd9429fd,Computer Science
c045e91daa4e9a11fc6c396cb50f64ce4a0cdc9b,Computer Science
3daaeb6195919d2975a725e1d0092eff0c4c3069,Computer Science
3dd1ac29ae4b2c1f50bbdadcd22a7568bb4cb012,Computer Science
330e27c1437c95a597ff3ab04cb9395fec54c2b0,Computer Science
db20f92811649ba8c03d3d5121da854df82473a0,Computer Science
651de358537e09001f21efd2c800c7f7631167b6,Computer Science
48cd5138ac8539bbf660541ab6a81eb96a605d44,Medicine
d98419f1e3d2530837c753450ebec25eabb96f1e,Computer Science
699cf5d561481126d72e7feb67766c93be6fb918,Computer Science
c6693b98a27d18d239ecf21fb7e0006be575a1df,Computer Science
c830a5af327ea4b77615a6420215bd28c14bd22b,Medicine
d1972db80f51d43ecc222cac9a737dd820558932,Computer Science
6c87489f78dd7f6bab2f7950edf810769334e380,Computer Science
754f8a56da8c828a34d0a988fa60261c93510bab,Computer Science
a86c419317b076db7bc080ad867c89b72388c0d9,Computer Science
0c8a4e7cdc44032a15a06f42c709faf7b8fa1e42,Computer Science
6ec5fe52cdc5c950f937ac8d587739fe47fc1eea,Computer Science
b63a49b0b7aafa1d5d7a9c17360abf6a3ff7a7d9,Computer Science
46cc8512c34020e998c940167080ad0c4c279cd1,Computer Science
46cc8512c34020e998c940167080ad0c4c279cd1,Medicine
5f743b1e3ad42123ed0c18d7c4d2007f07f29930,Computer Science
5f743b1e3ad42123ed0c18d7c4d2007f07f29930,Medicine
5e1cab6a5a6803e13c471dd24344f5652758b37f,Computer Science
ecae98a1cff13d3cd320ae7f1db1fbbaf6a040bb,Medicine
d1a9d8dc2ad25d2de5c33c76b2253f4b61e513b4,Medicine
d1a9d8dc2ad25d2de5c33c76b2253f4b61e513b4,Biology
f69d19e35778871f3b1085af2f63347c010b791c,Medicine
02e343eac6a848d528dc84aa53e3cdaaf7df0ae6,Medicine
3595b93c155f3ab020c21b765c734ee7d805faee,Computer Science
60c6a9695bfeb872c90d979e9b85959db2796a7d,Computer Science
57d64293625d84f62001d1babf25d7cb02c544c8,Computer Science
fb49b5335b4ad83a19362dd9012a72d8a64e7e93,Computer Science
2d92189149387769a68d4a2554ee84f268e831bd,Computer Science
a9385ff6d5f6c71ef1b90d566b81d0e32ab794eb,Computer Science
07c0907666b31db0aa123f75278b04ca07593a08,Medicine
1fb7213d881a16b4fa2059f8d58e04a07c10b210,Medicine
cea39c12531a06f9693bde2a4fa5aa52af6d423e,Computer Science
5ad5df5e0319c648c84a56a59d283fd082223863,Computer Science
00b693dc9c82b2b51b732c15011f55b3a6713ffc,Computer Science
ab1dec4a495d584612d919c53802f23d277686b9,Medicine
39699f12f60f9bf036c94852f2bb6b54cf3b766f,Computer Science
e88645d43dd37a07c5e2197ed050048ab6f61118,Computer Science
72f273e8f2333b4bc0e41056d38a57d4dce1f955,Computer Science
deca089a79bf27fe26c97c76233a7305a3262c9a,Computer Science
d360c15814a57c2a794e1d5f1b137bf9f2efde72,Computer Science
8f5c41f9b825fb608e19a9afc1f39e33a844d1f8,Computer Science
dc578d45039a5d06eeab4e49d1af29366107e7cd,Computer Science
08fd32288b5a2da4b865287b6bef9485804c8649,Computer Science
c84879149539b6de70c9e5ebb3e45f05cc6c0f3e,Computer Science
b168c31345a21d75c10a812288d44fc8bfe1699d,Computer Science
6eb540f5c8ed20b8759a567681d7f1918c3675a2,Computer Science
52f49234f41a421bb724550f95e2a34c89aaaaff,Computer Science
bfffc9d7aed68a36fd9a00ac627b4e7fec98517a,Computer Science
0d58ecbdd503c107da5a0cfce8733a789aff7c1f,Computer Science
0d58ecbdd503c107da5a0cfce8733a789aff7c1f,Medicine
8d70e6cb41b9b1725a071cfb4acd6fe353e0087c,Computer Science
e86e4fb91a02d05e097ef0e0875070bcec584cc4,Computer Science
10ebb42c89dca7688714a63c7e60d780c51b9596,Biology
c7110c8e39aebe0b3f352fff840ec3c5a1be3f5c,Computer Science
72fe6df79547c7cf6005e1a7758137dfe5a3b5dc,Computer Science
41cdd23f0090639c6d57f79779d2245c7b8513c5,Computer Science
7f26158f36dca008e8df806698888a559362effa,Computer Science
4644947c3de21615b229e9e227a2b353c439d928,Computer Science
80b4730c8b96de7273725688552b8547cd2566ee,Computer Science
1a6f9497e869035185e2cdf64d00f63fdac6844f,Computer Science
fb95bf1c569d445f548c76cb514d0481f83d5c5a,Computer Science
9f1b1fbc78239ed6b4e47f7b8ca52b2d02b4d40f,Computer Science
f1d875fae3f85182f663ea5f28031b20e08ce009,Computer Science
9a44b3f5e64fdf06260421cee204777ee3ab20d0,Medicine
627aa6280bfab5776ed3daac9102978d39581af6,Computer Science
3ba75c4994908fc64547a84d5c1f5846e877b0ba,Computer Science
2a305c1d4fd4d51ab9222c37183707f2d5c170ab,Computer Science
2a305c1d4fd4d51ab9222c37183707f2d5c170ab,Medicine
f9f18986c6114cae7c7ba00b9dc761d79946518b,Computer Science
54cea20c06bb75820b0f1a6fddee5c46293b2a87,Computer Science
afb9c068aea4564ab3632e5762f97ab35753b415,Computer Science
9bf8a5be2f2648047ca1f90d0498b273e3f43b06,Computer Science
aaaeba61750d9d1995172fff7c73371f318d966a,Medicine
aaaeba61750d9d1995172fff7c73371f318d966a,Computer Science
9f620adb880877dc6e3c172150b74b5d07ee6c2c,Computer Science
7772f3d1fd12dfdc0185412a6c09624ff759b94c,Computer Science
7772f3d1fd12dfdc0185412a6c09624ff759b94c,Engineering
0a4195a2c26a1a8cd7df99f6000e8fe473625feb,Computer Science
cccd4447faaddd527e3582d64ff85c04235ce7fc,Medicine
e5d209443863089cb6b7076165c710c64ba6d8f3,Computer Science
54936a36fead748c0cb8a84933a3967609928838,Computer Science
01eec53face345356160d351c2d85446a047b436,Medicine
5aadbffaa2505a0e0f16f023611114d07b20a49a,Computer Science
878f76d43f2edefc3ef97d23f78b4a869de21674,Medicine
0f99a520628825b84ceddb55e069830a7ce84843,Computer Science
17023295658ea94409a1e33a427ea3509b583ef5,Computer Science
8d0c3386130f31e215422ffa80c4ac69af192098,Computer Science
27d777d687351a5dbd4205ffaf68117b9f93c5b2,Medicine
05e6590ffcd89a479533a78ae49f40b0de6c43c9,Computer Science
f704d289a3a1075ded47e554f2dc08466dd64107,Computer Science
f704d289a3a1075ded47e554f2dc08466dd64107,Medicine
6edd5c5a86351f0ba5d1beb20786a232084667aa,Medicine
6edd5c5a86351f0ba5d1beb20786a232084667aa,Computer Science
6edd5c5a86351f0ba5d1beb20786a232084667aa,Biology
33e8e5df491267d2351a9390391bddceb26b051d,Computer Science
edf273d452e3d25d270587998c1e59626ecd2f30,Computer Science
435c4584cb5640ab4a093c6c22e2f784ed9b90ed,Computer Science
8e2cf880e872f7185a0d20a928a9656b88a86820,Computer Science
8e2cf880e872f7185a0d20a928a9656b88a86820,Biology
a415033748e655bbeca9ca1ce02457e076728518,Computer Science
74143d1f23cfe22630bc842c65e4c796cb316039,Computer Science
24078850003e11f76a2a2f20d65840fd9e426ccc,Medicine
bdf3e94f52ea99a40d5790c62ce0dd4d8e4eb4f8,Computer Science
bdf3e94f52ea99a40d5790c62ce0dd4d8e4eb4f8,Medicine
07eda6692b476bcdf21c3dc6803af48c15072a41,Computer Science
f8cbf11a1ee11e7f9e5b91e4e38e9363215b8587,Medicine
c798abb0dfe2300e418ca1042e72ee8bc1594d28,Computer Science
f42ad6e24897246e3cc55746c34f153f6bfcdc76,Medicine
17f2b4cf1b355766ae7b69073b97c5bb73a03382,Medicine
3f538921893a11da6a895d38765311e3413618cc,Computer Science
699a7d9c30d1061f6fa2c659c8aaa56034b0350d,Computer Science
033c4bc3bece283efbee144bb16b49d19de9214d,Computer Science
0e7ae6b42102a13ded7d080c71c319af7a1eca22,Computer Science
5499fad39bee3029b4eb410a6cf44b79835b955a,Computer Science
f44d5a3bf469345d896ab882142af5cfaa3971b9,Computer Science
3a57974f32324d96aacdf6123ddb7bf152d1b4d3,Computer Science
db25f39673889a3a48c58e4d24b6fa2a11d4ca53,Computer Science
0423fa433c028b501affff331329aa1e1bebd05b,Medicine
0423fa433c028b501affff331329aa1e1bebd05b,Computer Science
3fae1a956aa1cee9db7be7c026985006e7263572,Computer Science
3fae1a956aa1cee9db7be7c026985006e7263572,Medicine
b3f3293740874bb5bbcba6f7836a713733e6037f,Computer Science
7d8d675d10a16617c441018d8fac1dde133672c0,Computer Science
253e8f6c798caa4e15590c6ee039de4abe843f2d,Computer Science
5ae2867fb5272ceaa7a70d03d2a1321bab4e09d5,Computer Science
5ae2867fb5272ceaa7a70d03d2a1321bab4e09d5,Medicine
f60bb389d81905a12c3bc2fe329419d11358c214,Computer Science
3725dc2ec4b3388027eb7dac79d7939082dc8ba4,Computer Science
17160c585893f8afc1a29e81e085e03dd8dc35b8,Computer Science
17160c585893f8afc1a29e81e085e03dd8dc35b8,Medicine
20fe31978d0845c32177173e823496958fab32c5,Computer Science
20fe31978d0845c32177173e823496958fab32c5,Medicine
4eb8aae5c9d119d6c27ce24d76e2817541c35c4c,Computer Science
d3f4a2023ddcbfce38e4c7523f875590bc8ba21a,Computer Science
2aa5f446ed125f17f0fe08827fa7a13f07ef482b,Computer Science
822a5e984729dcd5ed89c0e2ba622b9d6bfbd068,Computer Science
822a5e984729dcd5ed89c0e2ba622b9d6bfbd068,Medicine
404ecc12bd56f3f04d2569094b989a79a1bfef99,Computer Science
b2d2f50718bc1313679239b0855025f0651e005c,Computer Science
f135b8dd5661c7ad3cb558a5133aa2728393f620,Computer Science
877475a5ea9d5693aa7d5d31e2d1fd79b275bde6,Computer Science
3cc0a62247256eca753d7a441c4b354c57328783,Medicine
e44664f6d97db0abd3ced4ad889e82294d88f7d7,Computer Science
13a411e158ccd48c8ed969cad861a33ef2c4b9e1,Computer Science
9c963de52c5f4bab7fcf4623c2fc0d2f6d0ffb45,Computer Science
34804749733efeeb9cc7861eb9e37cbd443d865f,Computer Science
146718a68df2cb970a0c4c4fb51cdbe9353118aa,Computer Science
a6a4fe3e4ca82216e7356faf5e3c9e1e72801cfa,Medicine
f02f7c6fae1c3ec12252947d6718e88fd003c167,Medicine
9beb0f16accd48bf02f765a51df6237d5703e9e0,Computer Science
2b5489ca86422fdcaf29a0dc08cdd4f77cdad3b0,Computer Science
1585c43b9c584854bcb42ce4e56416c6b3bc54f3,Computer Science
bd18b584546309feecdf3b74c07709e45984ea09,Computer Science
c037fba9f15a02c75deb3c963ba216cf58468748,Computer Science
bc1b610c7fa15991b652c966bd42383283af6e2b,Computer Science
77d119434592e45c36886e3866ede0defa04fd97,Computer Science
2780ac7088bfbc4e2e681f0053f4f014065147a4,Computer Science
3c9b2cae25a617bb4cfca7ce316407e827f02cc9,Computer Science
4082c099c95320a1938fda1e4bc195e30b45c6d2,Computer Science
2f7fbb1bf3e6fc0b3b2d3bf4eb779fa1a8a1df6c,Computer Science
bbb8902a172c510d6199e16bf7444b383b3f3357,Medicine
b1afad9875b76d2746c9c1bcad2c693110920987,Computer Science
0306451cafda525e6eb0ff7e55ab2f724ebf0c67,Medicine
71c7fcb7921f889500bdf1968319871b9fc9d73f,Medicine
a62fde050b7ed09d5c8bbdcbc23c10c7a3783ee1,Computer Science
71ac06efb5c42063e9f8a4df4e487d07c0b53f81,Computer Science
35049c422bbcd6eeda2214290f337877a3abeaa9,Computer Science
5879575701b9b65b5cc56c00d9eebbfa219e0428,Medicine
f185c99b0af3d7598f751ad977b1898ebcd05c33,Computer Science
c67a16f1b60bdd5c0c3fdc201e1d88721cb86ba1,Computer Science
5112f57376dc87fc88975b926f66ba68efd81743,Computer Science
c1ea4c268da798ba16c7484c72f82290de3d35c1,Computer Science
121d97e295f608ba2e5d4d2b3b69de824ba55fcd,Computer Science
0011d65ecaa634c2a22a0df3ce2edc35ac7bb689,Computer Science
e0aa296cdb6c9fc7f2cbfde9ff9fc21f94cd860e,Computer Science
07e71d9d9971efc372a8f3f6bb5abe3b6d9e2dbe,Computer Science
c4808862e1dca6a2968cfe6477b8e494368c1f92,Medicine
8dc4dc204b6ee3b78fd2c52122ee0dc90d2f0018,Computer Science
8b1738b888e3397bb22a8cf2f4d89721363b388b,Computer Science
0333e9fabfd144baddc6895381df6863456c3822,Computer Science
a6e65f72bd9e62fdd4f0064f3eda21cc65f072a7,Computer Science
62986b0eb8015577758fe76ce531aa970b0db67d,Computer Science
c48f5f8f389585bd6c021e412e2f5f8ad2a72244,Computer Science
a68f9979195702d1e5a18d226a0409be91b834f9,Biology
a68f9979195702d1e5a18d226a0409be91b834f9,Computer Science
a68f9979195702d1e5a18d226a0409be91b834f9,Medicine
d338063bc68b3813bfa6a436bb72619b6b8bf738,Computer Science
e35db79cd5c5284293efb4f29584f51e654e7073,Medicine
e35db79cd5c5284293efb4f29584f51e654e7073,Computer Science
0f8446ae0441b3f4cd5e5db05d667ad67c572ec2,Computer Science
98428ba7cc444b127ff5fa5244ce9390f0e1cf58,Computer Science
573721af3692834841c3e82303a3bfabb98423b9,Medicine
ea2f72b979e2646dec92a9ce9b6b07dd0a20e789,Biology
dcf4f85f7c3d52c715d478c75e5ea913e9321ef4,Medicine
37d5ddcc8a971fffe807bc72665ad9e474812bf1,Computer Science
4288209eea487e03394cd52e6f5f72bc61dcad9d,Medicine
1cdbb922dcc977100e381a5debedb37994d27363,Computer Science
0593326144f4d13891cf730cb90e180b7069df04,Computer Science
534ec5a5fdda0110ec109b97de2cabd207af34c2,Medicine
79e57387a664a5d7b128b2790a8f38f827e09124,Computer Science
84544205d3f89fb151b4ad80f0499a41c5412657,Computer Science
5df8161f7770900ad66e8110920e9eef62d6bed8,Computer Science
2a919d50d2f757269615646ae40d4f2d33a273e8,Computer Science
df2b49625e2c871cb719636f95be939ac41a282f,Computer Science
ce75878fa575896a3811d84fddbcf2da96fcecce,Computer Science
183d4fcfe694e682beddd60bb93ae211886a580f,Computer Science
f4c9848218761fac6be90c462e01b45cf5149beb,Computer Science
920cd8b25373358779fde44f90774533f26d782a,Computer Science
2e3c1c7dc0f87510fbf05afe16cc237ddac21474,Medicine
5245a453f33a6a7eb801b4d36692c13fe8f49302,Computer Science
6798818778101c90c10671de67edb01b61df49d6,Medicine
f64d9f40f003e58a37c5e3705f03d7cace5b1143,Computer Science
fed0c870cd926da81cd1fccf00845f11314921a1,Computer Science
8832d34febd89d754036d1d5ed7348dfd86c6b25,Computer Science
dfd65a262adc398bbd8ae2d79a86086539fcbe51,Computer Science
1867b7072f357e2ecee3ec7d84b7b05c525a1d67,Computer Science
550b13792eae8af534fc5744ada22762005e99a5,Computer Science
d58b9ce02a1a77db4f640338b88d1c9fc4c40900,Medicine
9f424c20deca24f854ea2e8484b00aef888037ca,Computer Science
8e5f2a0843bced99f8982bde1a5a6bc641171034,Medicine
8e5f2a0843bced99f8982bde1a5a6bc641171034,Computer Science
967e51b71304a8a7e27e56f73f5bc781d2864e72,Computer Science
449f5a19e08b0c0cbb09ab98b00f920651bc3f2d,Computer Science
ce02b16fc7c42c86648e573bd25fdb2f2360f6f6,Computer Science
69844e17c9840e6800e2321c56525ecfd87b98ca,Computer Science
9f6ab10492aaf484c66e567bb7af78a60e54c984,Computer Science
0c561f33ae15decbbe699b05e02e1299b8dea58b,Medicine
1ab7571b74d50825ce914bdc5f23f3f21588b937,Medicine
1ab7571b74d50825ce914bdc5f23f3f21588b937,Computer Science
8299d8626d25cc476d5a68e5398d856385f75c56,Computer Science
e2188da7865d7e05febde38b68de10fcfc7359d2,Computer Science
66dc84ac50087376bb61b7e1d00455722c77cba9,Computer Science
a5e85f729fa022c77c2c4b838efc910df83a3a9d,Computer Science
40252c9440ca7450f5a15156d2116fc3981127f2,Computer Science
37e6475df63817d0196493cc0aaaa0c77eeff2a7,Computer Science
50485355c7c21f82efce9a697046a1c0b5c9e63a,Computer Science
7fe4310e6aa17671bded252d8dec873817e624b7,Computer Science
7fe4310e6aa17671bded252d8dec873817e624b7,Mathematics
feae0c0c5027fcbb56d633fc1efb75d37e829f41,Computer Science
1a454582d3b3aaa6c6cd5b2be075958d13423f78,Computer Science
ffcf77027f5144c17de1cbb72b5c1d783a3848f7,Computer Science
ce76306ea0299b561648b07a44e67cd6c4e34235,Computer Science
647edfc6eff9464f99f4db69f29a61ff0910e44a,Computer Science
9dd953b8e915d3c19bbd5584ad3769164d8f762a,Medicine
7982d7df2980349ed9bd99db897594e94aa4b67b,Medicine
9be70369cfe5b3bdd6c75c3eb6d589533435b6ca,Computer Science
83939671534dc3d374c9bc4e3e03b5ec2c7ba301,Computer Science
83939671534dc3d374c9bc4e3e03b5ec2c7ba301,Medicine
ac651a299a589de3817862ea9b10880a0d7c1c1d,Computer Science
1b532dca0c4e950589510af7c23e033344c0de07,Computer Science
32e783d0778a16ed23ec43baf390c8a52fb0452b,Medicine
32e783d0778a16ed23ec43baf390c8a52fb0452b,Computer Science
4440c1d44c449f4b4ea9273dd667b5c036e6b8c6,Computer Science
4a49393d4faea757ebb64cc51242aa26fe4fd27a,Computer Science
adef29a0783caab56fd9e599557c24a281399945,Computer Science
b1ffc6fadd6c6af254b3cb8d28bf67a2df62ff44,Computer Science
ba2c182c75c6605b4da8013034fb62e8a2e82098,Computer Science
26ed9ef3e1853c8b98b4f8282d2ec13d38da1f32,Computer Science
f489b07797a877c77a9111bab448355046df2885,Computer Science
124b40ec883eb59e89be76e5da5489dbed89275c,Computer Science
52008bf2a58054e38a7b630dcf021e1c9bf8d109,Computer Science
cb20faff3125f790543b4d55116eb895770816bb,Computer Science
6a1b2470b7a03a204ad6927d753a8a1193f02f8a,Computer Science
cc944d1ce6ef667560dbbd960ec9b7a498adc4cd,Computer Science
cc944d1ce6ef667560dbbd960ec9b7a498adc4cd,Medicine
36c1440bf50886b8c98cbc8234953333358b3911,Computer Science
938908bc82d5c37b1df2c76d4fbdbdf2075e50de,Medicine
699cf8cce0053dca8c70ccf78caf092d1cabb6e2,Computer Science
90826bdf4c9e2f8ec97d71c499c29b2b477ac41a,Computer Science
90826bdf4c9e2f8ec97d71c499c29b2b477ac41a,Biology
4a77983c48cbb10a1fb2696ce4bfe8a260759f94,Computer Science
bb5f873632616c2cdc07ef1bb139db0c96c8e5f6,Computer Science
9832eb62e0b3d826d21445fc1fd2fcf6ced7d41a,Computer Science
34c116d9121cfeed2eb51dec515bdde1d714ee49,Biology
34c116d9121cfeed2eb51dec515bdde1d714ee49,Medicine
34c116d9121cfeed2eb51dec515bdde1d714ee49,Computer Science
b03cfca7672e60cbe7999853e9c6f833ab20e012,Computer Science
a52ae36c6eedbd67e2214c6d8861e4f54bc00763,Medicine
5640189617e43d6d4cf9130fea9a88c93ad55779,Medicine
1bc6e07f22f80ee38bfdd290ff8302bf2ad823c3,Computer Science
347604483bf70b1863dc5dd4f21fe7abe6da5abc,Computer Science
5720325c1619173ff71a7d1954145d778b7e0620,Computer Science
aee3dd493678b3a16750bee1a2c9553567aec29e,Computer Science
aee3dd493678b3a16750bee1a2c9553567aec29e,Medicine
b88f3a8905479dcc06e65d23a57d1e034380c8e6,Computer Science
1987d3ed18681101adedb934a1c0414190c2505b,Computer Science
1987d3ed18681101adedb934a1c0414190c2505b,Medicine
9d9268b0191891511b09362759ba6a754c28fd9e,Computer Science
259ac6b83391f19e293e79001ee44a52f09e0dcb,Computer Science
c4fdd0f0dd59a3e7d7add477ab1f63826c395787,Computer Science
3cebcaae3e3c20bbff0bd487488e0558d63c842b,Computer Science
63f2c402f5ddcdc65145b6cde29ad724e1923329,Computer Science
c2150ce1eeffd0b23bc13b24277d8622382c58a8,Computer Science
f6021ada3ae58f2a9139d50d71306b3b395bb474,Computer Science
706f5f56ad8c53926cdf7164cf08c89eff50b47f,Computer Science
37c0aaffc2435871009ce1a31a4c2fc982c519b7,Medicine
585b75e6c55a174af47f74006512e4be521d3e3a,Medicine
0d71f55abe06761b3a44fd4b667f93d7287c602b,Medicine
0d71f55abe06761b3a44fd4b667f93d7287c602b,Computer Science
f43c03b226f8f109459909834ab5b70a824ee8a1,Computer Science
1e3aa619ffec13f676327259cb5a45ff1c734bfb,Computer Science
1e3aa619ffec13f676327259cb5a45ff1c734bfb,Medicine
655afc272d9c16047d782b59883997b065561552,Medicine
655afc272d9c16047d782b59883997b065561552,Computer Science
a4f0359cd571055889938627573b6d6530b3bce8,Computer Science
d6db93cd4b471c319d46da49ce812925763bea0b,Computer Science
e79981c91c1ac40d747377b4af7409793d8e7350,Computer Science
2253c84f0d7422bbbec496893948e1e1297bcab2,Computer Science
ab2571d9bcada2bd4ac2e816a1b6b6b00d314423,Computer Science
ab2571d9bcada2bd4ac2e816a1b6b6b00d314423,Mathematics
ab2571d9bcada2bd4ac2e816a1b6b6b00d314423,Medicine
e38d4fbfdf13532f7f58e5831cf7bc6d7d291c1a,Computer Science
a59ea16acc9df2374b28d787d96e16a67fac3468,Computer Science
6dd8b68cbe1fc1a31926e213fec7a23eb01df812,Computer Science
f08cd81718a2002516476c38255c66de1916e85d,Computer Science
23845587dce8d947a7c6c533881d8fd8167df729,Computer Science
50125310e75d94aafe3ddeeb2997cae23062881a,Biology
64fed9e0be009f064b72cdcb7d1fadeb28bea3b0,Computer Science
d6f2ef1bd6fbfe60f03ec8da626af34fcf064900,Computer Science
2bb9a87bdfc8a35bc1813e5a88180f43615785a8,Computer Science
2bb9a87bdfc8a35bc1813e5a88180f43615785a8,Medicine
df177be9379d71ad16e33160240c20085c665836,Medicine
52dc1238d373b2b1c7e4797c450d0b70ecf13e78,Computer Science
70039e19cc5cd81f6a7857a11f521ae4efafe703,Medicine
70039e19cc5cd81f6a7857a11f521ae4efafe703,Computer Science
bff1069b6dd141b3e89c94fcb97e0f75980dbf84,Computer Science
f072fdc0d6d96c7a03c3c1d75f316bdadb5fc8fa,Computer Science
d4a5c2ab2b459426869e1a3ab1550897b005303e,Computer Science
9993ee4bb7de12b0bc759c3e857a949022fa13b9,Medicine
9993ee4bb7de12b0bc759c3e857a949022fa13b9,Computer Science
df61f25e1f77163d82b8e52183b629404d535b88,Computer Science
809911e5238a84a8f8a9d96d6be2879c198edfde,Computer Science
80478de9c7a81561e2f3dac9b8b1ef3df389ff2d,Computer Science
51504cd322c8524d08e1419e9a5ffdcd290a1e8a,Computer Science
680824bef5d6f98d669c49246363f0894a678e3b,Computer Science
e40b6f84ebb817159122519b2606b47a2e3e0308,Computer Science
e8a9b5a32836af499dcb9ccdee1008638309a6cc,Computer Science
79fa21c6d9ee706c694475b56be8612f21a3f04b,Computer Science
1a0480c43ef4e193d427eec261745b0b2e07ec18,Computer Science
679b1c81bf676d0389e1d4317bee630f250d3399,Computer Science
52724f2baba8d7099fcb614878267958c2794b00,Computer Science
52724f2baba8d7099fcb614878267958c2794b00,Medicine
01971e59136c8adafd66888a7bcb58c967efcd42,Computer Science
3c6a6c8de005ef5722a54847747f65922e79d622,Computer Science
274c5e690df6ca44c62430a39f3f8e4a6d9e5b79,Computer Science
7b654e072b2fa2103fd2631f70b4fcd88b48d972,Computer Science
7b654e072b2fa2103fd2631f70b4fcd88b48d972,Medicine
1b7492a4b813052146300fa8c03325c4ad7a0a25,Computer Science
d276a83b9bd5aaf75c6d921841959118e0d59870,Computer Science
d276a83b9bd5aaf75c6d921841959118e0d59870,Biology
d276a83b9bd5aaf75c6d921841959118e0d59870,Medicine
785431fea0f297c63383a2ce5954d685f25064f3,Computer Science
785431fea0f297c63383a2ce5954d685f25064f3,Biology
785431fea0f297c63383a2ce5954d685f25064f3,Medicine
3c759e4f31b5d894ed19faea6f129dee184fd2d6,Computer Science
72ac28fc5d4f6b1da6051927441cedadfda22283,Computer Science
94034fd2ed4b6cf41113abb7adc9ae469313c958,Computer Science
e9074f72c156c504f67a74d1bc40d3090a2085b2,Medicine
e9074f72c156c504f67a74d1bc40d3090a2085b2,Computer Science
dfdfff905e705cccce8ffbc8cc4dd2c8e34ad95a,Computer Science
2a894353f7327e8a23cc9edd18a43deb2908ee9d,Medicine
ab15463babf98fffc6f683fe2026de0725b5e1a9,Computer Science
0c57cb87fcfb345ddc13bab3f20e9c203bac52e9,Computer Science
75f9069520ae1449bb8d725f256c8e4d08dc1fb5,Computer Science
75f9069520ae1449bb8d725f256c8e4d08dc1fb5,Biology
df16e8c7599e1a5f7dbc1beebf454cd20e938a59,Computer Science
df16e8c7599e1a5f7dbc1beebf454cd20e938a59,Medicine
139f90515a3fb80ce74b4e38d556f969aca0a6cf,Computer Science
7ac74d14734a55d207d95663b636217af14961a8,Computer Science
01bf8ade86d33ee2fe08780a51bdf59f9ee171b6,Computer Science
9dd3fdc257f1bb897522e9c39d0204c8289296de,Computer Science
5c54f1f38974c896ebbf6494a2ac0d9b1ba21b33,Computer Science
5c54f1f38974c896ebbf6494a2ac0d9b1ba21b33,Medicine
9e93ab728e3e174ec1492009055885a9123d434f,Computer Science
b4ca9b5b51a220e8d8579ece3e3e9ce1f5b9298a,Computer Science
40483322e34f1e335edb7ee14f292a270736ca39,Computer Science
52eca8cabc7799c6ccac11275fb867b0e25984aa,Computer Science
e08574d105b350a5d5a63664d0cd30316f06bc4f,Computer Science
6bbe2be81735441e5eb1826bbfdf8b8d53ddcf22,Computer Science
da185569de364e49f8dbbe4ed689866766f3f550,Computer Science
3c0336d55ac52a28bf1f8da8e8986ca439e33817,Computer Science
9c4256f21ab5572daca44397d06430c240eb728a,Computer Science
78304cf902fcba2bc91a8c59c5eeea971b0120d0,Computer Science
d838d7c6eb6e938ebda7851347587341e5f22e15,Computer Science
943e69081976bba5ba7c1995d50e8478960e9270,Computer Science
070d4ab06b32abb285aa88c892d5955d4bb2ebe5,Computer Science
bf75a6b7fdfea0d44edf482757e2a97189b7c23d,Computer Science
f2147514863068abc3a2f54eb78b25a87c911b1d,Computer Science
e75461f8c8a3868f97050f2884ba3c832edb8f09,Computer Science
3d51b9cf8d23fd038dac0ae7ade4fe27f1c03e9d,Computer Science
ace54a4cda0cfabfdce46643d86f5485afc7531c,Computer Science
28bf2615bca7d1edce67eb2a6864bef2f236f803,Computer Science
48123d7f53d804db3f550e4be3afccb87f762dde,Computer Science
10612fb04f8e5ec2565577af5098bfe062323268,Computer Science
81ba322a83e849ef8f89cd0199aa2d91ec482fad,Computer Science
f82039e716c973cb417da95863256883570e3531,Computer Science
a60aab8cc3fde4ab9bfe3f206c67ad904b75dfc7,Computer Science
6a2442d73cfb54e75a50a846bb6df42ae26076e9,Computer Science
8454e80d48cc826a758cd6e5e3185ad0a0ef9803,Computer Science
8071a14c38e707f4e1b773e4fdab7abc926c4e5c,Computer Science
d45a3f940bd8fdb0b6eef62ad440fd2c37d064c0,Computer Science
67f211fa66335dc32be2ec630b85a6f9026fa9de,Computer Science
73007d240b1a0e0f5302b6d5c9f65b42f7ec7291,Computer Science
73007d240b1a0e0f5302b6d5c9f65b42f7ec7291,Economics
6c00a148c6fd1e226500751bebfeb08abe856f73,Medicine
6c00a148c6fd1e226500751bebfeb08abe856f73,Computer Science
6c00a148c6fd1e226500751bebfeb08abe856f73,Mathematics
3c95662116a1a06ad9688460121643e7a52177ec,Computer Science
9e31a8b08f6bc829b14883db7c812aaec4006e99,Computer Science
a5b5def1e9c4d39cf13665619cf213438deceff3,Computer Science
1277221119f7d5e5695fe3eeb778140a26fbac28,Computer Science
166b8ba6d993278315333196d1009bac96818c8f,Computer Science
61623f099ca0b77dd65388a1dee8060ebe9fc6da,Computer Science
61623f099ca0b77dd65388a1dee8060ebe9fc6da,Medicine
c36399f00993a30d4e7cbc821ff53a50ea05cc97,Computer Science
2834aec1d59762bc866648700f997dbee5930ce0,Computer Science
31950a66faa66fc4197a0b47b0728c828b28c579,Computer Science
8a36b0dad6082d14ef408915c9d24b49ce4706f8,Computer Science
4a0d3f271797dc917b5e2285799abab25126fe4d,Medicine
4af936423edd5f78e6662b0f89bc10553cbb0293,Computer Science
c07a386e7c9078778041e9247255702f9b013dde,Computer Science
c7760deb525eab16d1d8f56028f9f4f3d40910a5,Computer Science
c7760deb525eab16d1d8f56028f9f4f3d40910a5,Mathematics
b5261f07b0f6fb08c021ec585217031349a08136,Computer Science
cdb798575c901347c2346e167c87203a1a6d5305,Computer Science
cdb798575c901347c2346e167c87203a1a6d5305,Engineering
cdb798575c901347c2346e167c87203a1a6d5305,Mathematics
e9140f99442be700c9de40695731303ba4d7d40e,Computer Science
e9140f99442be700c9de40695731303ba4d7d40e,Mathematics
c51601550b21e5eb103769f065671b99b174be47,Computer Science
2ecbdeaf46e9c006c546e024464769fa479643b6,Computer Science
2ecbdeaf46e9c006c546e024464769fa479643b6,Engineering
6c665a74d527d794096efe9e20e959594722e7d3,Engineering
24c6fc50da329a2653a20429f9b451aab7f4ce82,Computer Science
0b5770da70d678d061441a329bfd03720214f46d,Computer Science
677afa54080c1b501e6ade10d88e1641969f91f0,Computer Science
4833b78976ff17d88a5b09ff2bae2514816e227f,Computer Science
18f24771459b75b7fdce4274b1cbe2fae8cfae8c,Computer Science
18f24771459b75b7fdce4274b1cbe2fae8cfae8c,Engineering
18f24771459b75b7fdce4274b1cbe2fae8cfae8c,Mathematics
26209fe79d888da09ca16ea8c3cdf06bffe14512,Computer Science
dcb106a3e05d9f19144f19b9460c844fdced8b3d,Computer Science
dcb106a3e05d9f19144f19b9460c844fdced8b3d,Mathematics
b5f597bacdeb4a8536e93803a2a47d54c3a13b81,Computer Science
b5f597bacdeb4a8536e93803a2a47d54c3a13b81,Engineering
b5f597bacdeb4a8536e93803a2a47d54c3a13b81,Mathematics
1be08eefb6eb1521707f1cd0ff2274e678bf86c3,Computer Science
bcd689fd8cd0a57af348db9bdbee0c1e2f068fd3,Computer Science
853523e159deb91e5fc5988b72a7badfe2dae173,Computer Science
fd2a6a44c39e0c8e7835017634a1d0e31c5d00ca,Computer Science
76429de59480027021fd93ef8f4c872dc47c04f1,Computer Science
675421d11aa94543e37fbaed9c6ffddfe0fcde9c,Computer Science
3b56e66904af5310728277eca4281062f1d66343,Computer Science
e1935f457aa506ed254a5cf46d354dc3282d8f67,Computer Science
ce2dec4b2589b0cfc625b1fb7bdfca86a42c8603,Computer Science
bcc5ea38aed94246b8825e3a93e8f71507445424,Computer Science
ae45efd1098fa53faab40f2802b84fe8c6f38029,Computer Science
a2127b8fd3f25e7f12a74b08f27057d9d4b17125,Medicine
3d9bb53a54a361dfcfc27bb2be6a4ef5f3bef37d,Computer Science
6135bafe057cd27e4b62f7f6362214118629456b,Computer Science
571881e7c3659d98858554ed4b3c26b97bf070fc,Computer Science
7f82fda3dddec7c5a9b317cbe0eed1aaa190d30b,Computer Science
7f82fda3dddec7c5a9b317cbe0eed1aaa190d30b,Medicine
84eca847330bd23ce4e2b274fc3bb86f861f7835,Computer Science
70c268ae031a64107eec624e92317ea9aa0d263e,Computer Science
70c268ae031a64107eec624e92317ea9aa0d263e,Engineering
0f7bb49d1272594cbae597bc2fd6f508daa26a27,Computer Science
2f8b9186e5ef9c2379cff10171106b693359d006,Computer Science
9004d51741a54b8ddd5b058b4020033c9ea84b7a,Computer Science
9db65d3c1f48d53c1b0b734f6d5a8be1a0efa6f8,Computer Science
37fb74bac1695d73b5c325deeeea11ffed469bc5,Computer Science
22835ecc111a2cc5eae38d28453d158cc2118f62,Computer Science
e95dee446a5d77cb4253adfd2231a82f082b3b3f,Computer Science
e95dee446a5d77cb4253adfd2231a82f082b3b3f,Engineering
4254e3c73eeb8d0b9c62408120a2239c0e65576b,Computer Science
c498018836cd5553c39ad08bc4b51b5fdf8a4421,Medicine
c498018836cd5553c39ad08bc4b51b5fdf8a4421,Computer Science
dbc41b23fa6df9adcfeab5fc2d9cc7ad3cf1c6c1,Computer Science
5a934623068ebed6b72995d142d7dc96073e78fa,Medicine
5a934623068ebed6b72995d142d7dc96073e78fa,Computer Science
f26769ec629a8f92b5b29f23558017db6adc0e98,Computer Science
e06bfe725a3763500358d8f2c2f014810ea740ab,Computer Science
bc793edd67abc5de34ad2df9a532acb3a980352b,Medicine
bc793edd67abc5de34ad2df9a532acb3a980352b,Computer Science
38c2454e816bfe2d17ae191eb2e764cebfd79112,Medicine
1f3a5512171ae9a3030c16896db314d2740bcb84,Medicine
98adae1623a6f67de4acccd1358e46d568cd925c,Computer Science
746c7e7f6c27f0e8215c2f174386dabe50c36b5f,Computer Science
b4e241e73c614f4278945dd963b3efcf452953cb,Engineering
fc7c6249432659a3d1cb5bc51ace42e4cb9463ab,Computer Science
994b15dc426e4659f6547a795625404f61b07e28,Computer Science
482cf5b0f65daad98e47776abe27bc8d02826875,Computer Science
e426803ccde29e1e05c40d8d5f0e2aa0db8ef43e,Computer Science
72179a4316186909a844fed24e93ee4e0d188f31,Medicine
2e2d81b2b0ff5c6ee62f9b1147ca20044bfa9c71,Medicine
2e2d81b2b0ff5c6ee62f9b1147ca20044bfa9c71,Computer Science
2cb20633f63726256ef9377db6cde3784da66c5e,Medicine
615fdae376617e47cd717ad6e06460f0580f3f7c,Biology
9a0a3217707a61f538747bc7401049a53ecd207c,Computer Science
5c71558f500b51a2bb4a2c09e28a6a06c2a8d3ba,Computer Science
5c71558f500b51a2bb4a2c09e28a6a06c2a8d3ba,Medicine
55e44841f0e90924488f179099eb3e3377ecf7ae,Medicine
cda9ab5b06f42a310b29de5ac2f209c019333c12,Biology
cda9ab5b06f42a310b29de5ac2f209c019333c12,Medicine
32f20b9831e1e12ba0c2ce6145dda24837acbe63,Computer Science
3b8af0c86dc292999785c93ff06db92280c5677a,Biology
ed39b1957b5cc79d31719c81811dde031e191349,Medicine
d0c3a1164fdc8aa3b8351436fb6e7467a36de5ed,Computer Science
b58dc3deb74fe1e07970e43061f09f3d6ad3b95e,Medicine
aeeb932ea9a2e297af96c84a893f825a822abcd9,Computer Science
aae57c5e3d2d6497b73f8e66f5833ea320eed8ed,Computer Science
64dbea3735e0f96a5d11cc448217b108d5d87bdd,Computer Science
460e7649acff40190d118b132b817c96ef0abc29,Computer Science
ba47ae27a1262b5480080005acdefd0cc0e7a728,Computer Science
2cd23cb3afa7bcbd5de3a653bcc258e7232e8f59,Medicine
f2150de8436a2117c4893a044b55adda7aaf3677,Computer Science
4e94b1e7610d15a15ffb6e4762d55dd84daebf31,Computer Science
f7d0eb75fbe4bf66deb7e68405635cf2a235e4fc,Computer Science
634feec14175fcf5b8dee1e0ead3ceced7d84435,Computer Science
ed1bf02ae37900e058769a1e581a82ef7b0d6681,Computer Science
49d143bb40c8eb127c76462858aa63076e8bf473,Computer Science
0cb722d299e36ff635e4e79cd2f180d16c9b8e42,Computer Science
c87057b7e3d73fe4c9075f3e50dcc2a02452a5cb,Computer Science
02f9b3d5e8d722e98d4f6b8ce524696f0a84dad5,Medicine
90d8ae688ae6dfc03b45c5016be70bca0dafe978,Computer Science
b08c3ddc641d2ee689e7408096fbc6cffe11bd05,Computer Science
0547d6069527ab26c9a587d4997b9760aa84811d,Computer Science
9f5e2491549744b43b4f8920ce7e3e875ea79872,Computer Science
e25969bd50257743d84de8439e2d1a882f4e05f4,Computer Science
41f83748c30c8f43b92a88c80492188b6ebbcc32,Computer Science
8a2c2378d329393169dc9adc8b0696d2c939d7ff,Computer Science
020fb9c92aadc1fd7d936502a7fdf87cea1660a0,Computer Science
b89d63e071b52e151d7ffcd94a7db6266c6d096c,Computer Science
27ee7b71a805c4641db4578a0a4e7f5fa92c04b1,Computer Science
6547f6836861da029980364353bc14e39dbc245d,Computer Science
836209ba0a5a0b44fd47bb19d188e296f6ad87c4,Computer Science
5285febfdc65a830b3c79ce46a66c5a38214651b,Computer Science
fcf7deb75f5f77050270384d39caff0f160dbadd,Computer Science
09cbf37d1d497d57578a822b23ad387dcce3b41b,Medicine
7f55e65c152298ef8bf3251680f63d5efade0669,Computer Science
94c7132ccfbe38709d6711cfe88f1b53d61d3912,Computer Science
94c7132ccfbe38709d6711cfe88f1b53d61d3912,Physics
fc412f6ae372fa187127171999586073ec7801aa,Computer Science
