query_id,query
1,How do graph-based and multi-step retrieval methods enhance retrieval-augmented generation systems?
2,How are knowledge graphs constructed and applied to organize scholarly and scientific information?
3,What methods are used for automated information extraction from scientific and biomedical text?
4,How can NLP tools support researchers in conducting systematic literature reviews and evidence synthesis?
5,What bibliometric and citation analysis methods reveal research trends and collaboration patterns?
6,What techniques reduce factual hallucination in large language model outputs?
7,What deep learning and language model approaches are used for classifying tagging or organizing scientific text?
8,How are pretrained language models and embedding techniques used for semantic understanding of scientific text?
9,What benchmarks evaluation methods and datasets are used to assess RAG and information retrieval system performance?
10,How can AI systems assist in peer review quality assessment and research impact evaluation of scholarly work?
